number,code,emoji,name,name.var
1,U+1F600,😀,grinning face,grinning_face
2,U+1F603,😃,grinning face with big eyes,grinning_face_with_big_eyes
3,U+1F604,😄,grinning face with smiling eyes,grinning_face_with_smiling_eyes
4,U+1F601,😁,beaming face with smiling eyes,beaming_face_with_smiling_eyes
5,U+1F606,😆,grinning squinting face,grinning_squinting_face
6,U+1F605,😅,grinning face with sweat,grinning_face_with_sweat
7,U+1F923,🤣,rolling on the floor laughing,rolling_on_the_floor_laughing
8,U+1F602,😂,face with tears of joy,face_with_tears_of_joy
9,U+1F642,🙂,slightly smiling face,slightly_smiling_face
10,U+1F643,🙃,upside-down face,upside_down_face
11,U+1F609,😉,winking face,winking_face
12,U+1F60A,😊,smiling face with smiling eyes,smiling_face_with_smiling_eyes
13,U+1F607,😇,smiling face with halo,smiling_face_with_halo
14,U+1F970,🥰,smiling face with hearts,smiling_face_with_hearts
15,U+1F60D,😍,smiling face with heart-eyes,smiling_face_with_heart_eyes
16,U+1F929,🤩,star-struck,star_struck
17,U+1F618,😘,face blowing a kiss,face_blowing_a_kiss
18,U+1F617,😗,kissing face,kissing_face
19,U+263A,☺,smiling face,smiling_face
20,U+1F61A,😚,kissing face with closed eyes,kissing_face_with_closed_eyes
21,U+1F619,😙,kissing face with smiling eyes,kissing_face_with_smiling_eyes
22,U+1F972,🥲,smiling face with tear,smiling_face_with_tear
23,U+1F60B,😋,face savoring food,face_savoring_food
24,U+1F61B,😛,face with tongue,face_with_tongue
25,U+1F61C,😜,winking face with tongue,winking_face_with_tongue
26,U+1F92A,🤪,zany face,zany_face
27,U+1F61D,😝,squinting face with tongue,squinting_face_with_tongue
28,U+1F911,🤑,money-mouth face,money_mouth_face
29,U+1F917,🤗,hugging face,hugging_face
30,U+1F92D,🤭,face with hand over mouth,face_with_hand_over_mouth
31,U+1F92B,🤫,shushing face,shushing_face
32,U+1F914,🤔,thinking face,thinking_face
33,U+1F910,🤐,zipper-mouth face,zipper_mouth_face
34,U+1F928,🤨,face with raised eyebrow,face_with_raised_eyebrow
35,U+1F610,😐,neutral face,neutral_face
36,U+1F611,😑,expressionless face,expressionless_face
37,U+1F636,😶,face without mouth,face_without_mouth
39,U+1F60F,😏,smirking face,smirking_face
40,U+1F612,😒,unamused face,unamused_face
41,U+1F644,🙄,face with rolling eyes,face_with_rolling_eyes
42,U+1F62C,😬,grimacing face,grimacing_face
44,U+1F925,🤥,lying face,lying_face
45,U+1F60C,😌,relieved face,relieved_face
46,U+1F614,😔,pensive face,pensive_face
47,U+1F62A,😪,sleepy face,sleepy_face
48,U+1F924,🤤,drooling face,drooling_face
49,U+1F634,😴,sleeping face,sleeping_face
50,U+1F637,😷,face with medical mask,face_with_medical_mask
51,U+1F912,🤒,face with thermometer,face_with_thermometer
52,U+1F915,🤕,face with head-bandage,face_with_head_bandage
53,U+1F922,🤢,nauseated face,nauseated_face
54,U+1F92E,🤮,face vomiting,face_vomiting
55,U+1F927,🤧,sneezing face,sneezing_face
56,U+1F975,🥵,hot face,hot_face
57,U+1F976,🥶,cold face,cold_face
58,U+1F974,🥴,woozy face,woozy_face
59,U+1F635,😵,knocked-out face,knocked_out_face
61,U+1F92F,🤯,exploding head,exploding_head
62,U+1F920,🤠,cowboy hat face,cowboy_hat_face
63,U+1F973,🥳,partying face,partying_face
64,U+1F978,🥸,disguised face,disguised_face
65,U+1F60E,😎,smiling face with sunglasses,smiling_face_with_sunglasses
66,U+1F913,🤓,nerd face,nerd_face
67,U+1F9D0,🧐,face with monocle,face_with_monocle
68,U+1F615,😕,confused face,confused_face
69,U+1F61F,😟,worried face,worried_face
70,U+1F641,🙁,slightly frowning face,slightly_frowning_face
71,U+2639,☹,frowning face,frowning_face
72,U+1F62E,😮,face with open mouth,face_with_open_mouth
73,U+1F62F,😯,hushed face,hushed_face
74,U+1F632,😲,astonished face,astonished_face
75,U+1F633,😳,flushed face,flushed_face
76,U+1F97A,🥺,pleading face,pleading_face
77,U+1F626,😦,frowning face with open mouth,frowning_face_with_open_mouth
78,U+1F627,😧,anguished face,anguished_face
79,U+1F628,😨,fearful face,fearful_face
80,U+1F630,😰,anxious face with sweat,anxious_face_with_sweat
81,U+1F625,😥,sad but relieved face,sad_but_relieved_face
82,U+1F622,😢,crying face,crying_face
83,U+1F62D,😭,loudly crying face,loudly_crying_face
84,U+1F631,😱,face screaming in fear,face_screaming_in_fear
85,U+1F616,😖,confounded face,confounded_face
86,U+1F623,😣,persevering face,persevering_face
87,U+1F61E,😞,disappointed face,disappointed_face
88,U+1F613,😓,downcast face with sweat,downcast_face_with_sweat
89,U+1F629,😩,weary face,weary_face
90,U+1F62B,😫,tired face,tired_face
91,U+1F971,🥱,yawning face,yawning_face
92,U+1F624,😤,face with steam from nose,face_with_steam_from_nose
93,U+1F621,😡,pouting face,pouting_face
94,U+1F620,😠,angry face,angry_face
95,U+1F92C,🤬,face with symbols on mouth,face_with_symbols_on_mouth
96,U+1F608,😈,smiling face with horns,smiling_face_with_horns
97,U+1F47F,👿,angry face with horns,angry_face_with_horns
98,U+1F480,💀,skull,skull
99,U+2620,☠,skull and crossbones,skull_and_crossbones
100,U+1F4A9,💩,pile of poo,pile_of_poo
101,U+1F921,🤡,clown face,clown_face
102,U+1F479,👹,ogre,ogre
103,U+1F47A,👺,goblin,goblin
104,U+1F47B,👻,ghost,ghost
105,U+1F47D,👽,alien,alien
106,U+1F47E,👾,alien monster,alien_monster
107,U+1F916,🤖,robot,robot
108,U+1F63A,😺,grinning cat,grinning_cat
109,U+1F638,😸,grinning cat with smiling eyes,grinning_cat_with_smiling_eyes
110,U+1F639,😹,cat with tears of joy,cat_with_tears_of_joy
111,U+1F63B,😻,smiling cat with heart-eyes,smiling_cat_with_heart_eyes
112,U+1F63C,😼,cat with wry smile,cat_with_wry_smile
113,U+1F63D,😽,kissing cat,kissing_cat
114,U+1F640,🙀,weary cat,weary_cat
115,U+1F63F,😿,crying cat,crying_cat
116,U+1F63E,😾,pouting cat,pouting_cat
117,U+1F648,🙈,see-no-evil monkey,see_no_evil_monkey
118,U+1F649,🙉,hear-no-evil monkey,hear_no_evil_monkey
119,U+1F64A,🙊,speak-no-evil monkey,speak_no_evil_monkey
120,U+1F48B,💋,kiss mark,kiss_mark
121,U+1F48C,💌,love letter,love_letter
122,U+1F498,💘,heart with arrow,heart_with_arrow
123,U+1F49D,💝,heart with ribbon,heart_with_ribbon
124,U+1F496,💖,sparkling heart,sparkling_heart
125,U+1F497,💗,growing heart,growing_heart
126,U+1F493,💓,beating heart,beating_heart
127,U+1F49E,💞,revolving hearts,revolving_hearts
128,U+1F495,💕,two hearts,two_hearts
129,U+1F49F,💟,heart decoration,heart_decoration
130,U+2763,❣,heart exclamation,heart_exclamation
131,U+1F494,💔,broken heart,broken_heart
134,U+2764,❤,red heart,red_heart
135,U+1F9E1,🧡,orange heart,orange_heart
136,U+1F49B,💛,yellow heart,yellow_heart
137,U+1F49A,💚,green heart,green_heart
138,U+1F499,💙,blue heart,blue_heart
139,U+1F49C,💜,purple heart,purple_heart
140,U+1F90E,🤎,brown heart,brown_heart
141,U+1F5A4,🖤,black heart,black_heart
142,U+1F90D,🤍,white heart,white_heart
143,U+1F4AF,💯,hundred points,hundred_points
144,U+1F4A2,💢,anger symbol,anger_symbol
145,U+1F4A5,💥,collision,collision
146,U+1F4AB,💫,dizzy,dizzy
147,U+1F4A6,💦,sweat droplets,sweat_droplets
148,U+1F4A8,💨,dashing away,dashing_away
149,U+1F573,🕳,hole,hole
150,U+1F4A3,💣,bomb,bomb
151,U+1F4AC,💬,speech balloon,speech_balloon
152,U+1F441 U+FE0F U+200D U+1F5E8 U+FE0F,👁️‍🗨️,eye in speech bubble,eye_in_speech_bubble
153,U+1F5E8,🗨,left speech bubble,left_speech_bubble
154,U+1F5EF,🗯,right anger bubble,right_anger_bubble
155,U+1F4AD,💭,thought balloon,thought_balloon
156,U+1F4A4,💤,zzz,zzz
157,U+1F44B,👋,waving hand,waving_hand
158,U+1F91A,🤚,raised back of hand,raised_back_of_hand
159,U+1F590,🖐,hand with fingers splayed,hand_with_fingers_splayed
160,U+270B,✋,raised hand,raised_hand
161,U+1F596,🖖,vulcan salute,vulcan_salute
162,U+1F44C,👌,OK hand,OK_hand
163,U+1F90C,🤌,pinched fingers,pinched_fingers
164,U+1F90F,🤏,pinching hand,pinching_hand
165,U+270C,✌,victory hand,victory_hand
166,U+1F91E,🤞,crossed fingers,crossed_fingers
167,U+1F91F,🤟,love-you gesture,love_you_gesture
168,U+1F918,🤘,sign of the horns,sign_of_the_horns
169,U+1F919,🤙,call me hand,call_me_hand
170,U+1F448,👈,backhand index pointing left,backhand_index_pointing_left
171,U+1F449,👉,backhand index pointing right,backhand_index_pointing_right
172,U+1F446,👆,backhand index pointing up,backhand_index_pointing_up
173,U+1F595,🖕,middle finger,middle_finger
174,U+1F447,👇,backhand index pointing down,backhand_index_pointing_down
175,U+261D,☝,index pointing up,index_pointing_up
176,U+1F44D,👍,thumbs up,thumbs_up
177,U+1F44E,👎,thumbs down,thumbs_down
178,U+270A,✊,raised fist,raised_fist
179,U+1F44A,👊,oncoming fist,oncoming_fist
180,U+1F91B,🤛,left-facing fist,left_facing_fist
181,U+1F91C,🤜,right-facing fist,right_facing_fist
182,U+1F44F,👏,clapping hands,clapping_hands
183,U+1F64C,🙌,raising hands,raising_hands
184,U+1F450,👐,open hands,open_hands
185,U+1F932,🤲,palms up together,palms_up_together
186,U+1F91D,🤝,handshake,handshake
187,U+1F64F,🙏,folded hands,folded_hands
188,U+270D,✍,writing hand,writing_hand
189,U+1F485,💅,nail polish,nail_polish
190,U+1F933,🤳,selfie,selfie
191,U+1F4AA,💪,flexed biceps,flexed_biceps
192,U+1F9BE,🦾,mechanical arm,mechanical_arm
193,U+1F9BF,🦿,mechanical leg,mechanical_leg
194,U+1F9B5,🦵,leg,leg
195,U+1F9B6,🦶,foot,foot
196,U+1F442,👂,ear,ear
197,U+1F9BB,🦻,ear with hearing aid,ear_with_hearing_aid
198,U+1F443,👃,nose,nose
199,U+1F9E0,🧠,brain,brain
200,U+1FAC0,🫀,anatomical heart,anatomical_heart
201,U+1FAC1,🫁,lungs,lungs
202,U+1F9B7,🦷,tooth,tooth
203,U+1F9B4,🦴,bone,bone
204,U+1F440,👀,eyes,eyes
205,U+1F441,👁,eye,eye
206,U+1F445,👅,tongue,tongue
207,U+1F444,👄,mouth,mouth
208,U+1F476,👶,baby,baby
209,U+1F9D2,🧒,child,child
210,U+1F466,👦,boy,boy
211,U+1F467,👧,girl,girl
212,U+1F9D1,🧑,person,person
213,U+1F471,👱,person: blond hair,person_blond_hair
214,U+1F468,👨,man,man
215,U+1F9D4,🧔,person: beard,person_beard
218,U+1F468 U+200D U+1F9B0,👨‍🦰,man: red hair,man_red_hair
219,U+1F468 U+200D U+1F9B1,👨‍🦱,man: curly hair,man_curly_hair
220,U+1F468 U+200D U+1F9B3,👨‍🦳,man: white hair,man_white_hair
221,U+1F468 U+200D U+1F9B2,👨‍🦲,man: bald,man_bald
222,U+1F469,👩,woman,woman
223,U+1F469 U+200D U+1F9B0,👩‍🦰,woman: red hair,woman_red_hair
224,U+1F9D1 U+200D U+1F9B0,🧑‍🦰,person: red hair,person_red_hair
225,U+1F469 U+200D U+1F9B1,👩‍🦱,woman: curly hair,woman_curly_hair
226,U+1F9D1 U+200D U+1F9B1,🧑‍🦱,person: curly hair,person_curly_hair
227,U+1F469 U+200D U+1F9B3,👩‍🦳,woman: white hair,woman_white_hair
228,U+1F9D1 U+200D U+1F9B3,🧑‍🦳,person: white hair,person_white_hair
229,U+1F469 U+200D U+1F9B2,👩‍🦲,woman: bald,woman_bald
230,U+1F9D1 U+200D U+1F9B2,🧑‍🦲,person: bald,person_bald
231,U+1F471 U+200D U+2640 U+FE0F,👱‍♀️,woman: blond hair,woman_blond_hair
232,U+1F471 U+200D U+2642 U+FE0F,👱‍♂️,man: blond hair,man_blond_hair
233,U+1F9D3,🧓,older person,older_person
234,U+1F474,👴,old man,old_man
235,U+1F475,👵,old woman,old_woman
236,U+1F64D,🙍,person frowning,person_frowning
237,U+1F64D U+200D U+2642 U+FE0F,🙍‍♂️,man frowning,man_frowning
238,U+1F64D U+200D U+2640 U+FE0F,🙍‍♀️,woman frowning,woman_frowning
239,U+1F64E,🙎,person pouting,person_pouting
240,U+1F64E U+200D U+2642 U+FE0F,🙎‍♂️,man pouting,man_pouting
241,U+1F64E U+200D U+2640 U+FE0F,🙎‍♀️,woman pouting,woman_pouting
242,U+1F645,🙅,person gesturing NO,person_gesturing_NO
243,U+1F645 U+200D U+2642 U+FE0F,🙅‍♂️,man gesturing NO,man_gesturing_NO
244,U+1F645 U+200D U+2640 U+FE0F,🙅‍♀️,woman gesturing NO,woman_gesturing_NO
245,U+1F646,🙆,person gesturing OK,person_gesturing_OK
246,U+1F646 U+200D U+2642 U+FE0F,🙆‍♂️,man gesturing OK,man_gesturing_OK
247,U+1F646 U+200D U+2640 U+FE0F,🙆‍♀️,woman gesturing OK,woman_gesturing_OK
248,U+1F481,💁,person tipping hand,person_tipping_hand
249,U+1F481 U+200D U+2642 U+FE0F,💁‍♂️,man tipping hand,man_tipping_hand
250,U+1F481 U+200D U+2640 U+FE0F,💁‍♀️,woman tipping hand,woman_tipping_hand
251,U+1F64B,🙋,person raising hand,person_raising_hand
252,U+1F64B U+200D U+2642 U+FE0F,🙋‍♂️,man raising hand,man_raising_hand
253,U+1F64B U+200D U+2640 U+FE0F,🙋‍♀️,woman raising hand,woman_raising_hand
254,U+1F9CF,🧏,deaf person,deaf_person
255,U+1F9CF U+200D U+2642 U+FE0F,🧏‍♂️,deaf man,deaf_man
256,U+1F9CF U+200D U+2640 U+FE0F,🧏‍♀️,deaf woman,deaf_woman
257,U+1F647,🙇,person bowing,person_bowing
258,U+1F647 U+200D U+2642 U+FE0F,🙇‍♂️,man bowing,man_bowing
259,U+1F647 U+200D U+2640 U+FE0F,🙇‍♀️,woman bowing,woman_bowing
260,U+1F926,🤦,person facepalming,person_facepalming
261,U+1F926 U+200D U+2642 U+FE0F,🤦‍♂️,man facepalming,man_facepalming
262,U+1F926 U+200D U+2640 U+FE0F,🤦‍♀️,woman facepalming,woman_facepalming
263,U+1F937,🤷,person shrugging,person_shrugging
264,U+1F937 U+200D U+2642 U+FE0F,🤷‍♂️,man shrugging,man_shrugging
265,U+1F937 U+200D U+2640 U+FE0F,🤷‍♀️,woman shrugging,woman_shrugging
266,U+1F9D1 U+200D U+2695 U+FE0F,🧑‍⚕️,health worker,health_worker
267,U+1F468 U+200D U+2695 U+FE0F,👨‍⚕️,man health worker,man_health_worker
268,U+1F469 U+200D U+2695 U+FE0F,👩‍⚕️,woman health worker,woman_health_worker
269,U+1F9D1 U+200D U+1F393,🧑‍🎓,student,student
270,U+1F468 U+200D U+1F393,👨‍🎓,man student,man_student
271,U+1F469 U+200D U+1F393,👩‍🎓,woman student,woman_student
272,U+1F9D1 U+200D U+1F3EB,🧑‍🏫,teacher,teacher
273,U+1F468 U+200D U+1F3EB,👨‍🏫,man teacher,man_teacher
274,U+1F469 U+200D U+1F3EB,👩‍🏫,woman teacher,woman_teacher
275,U+1F9D1 U+200D U+2696 U+FE0F,🧑‍⚖️,judge,judge
276,U+1F468 U+200D U+2696 U+FE0F,👨‍⚖️,man judge,man_judge
277,U+1F469 U+200D U+2696 U+FE0F,👩‍⚖️,woman judge,woman_judge
278,U+1F9D1 U+200D U+1F33E,🧑‍🌾,farmer,farmer
279,U+1F468 U+200D U+1F33E,👨‍🌾,man farmer,man_farmer
280,U+1F469 U+200D U+1F33E,👩‍🌾,woman farmer,woman_farmer
281,U+1F9D1 U+200D U+1F373,🧑‍🍳,cook,cook
282,U+1F468 U+200D U+1F373,👨‍🍳,man cook,man_cook
283,U+1F469 U+200D U+1F373,👩‍🍳,woman cook,woman_cook
284,U+1F9D1 U+200D U+1F527,🧑‍🔧,mechanic,mechanic
285,U+1F468 U+200D U+1F527,👨‍🔧,man mechanic,man_mechanic
286,U+1F469 U+200D U+1F527,👩‍🔧,woman mechanic,woman_mechanic
287,U+1F9D1 U+200D U+1F3ED,🧑‍🏭,factory worker,factory_worker
288,U+1F468 U+200D U+1F3ED,👨‍🏭,man factory worker,man_factory_worker
289,U+1F469 U+200D U+1F3ED,👩‍🏭,woman factory worker,woman_factory_worker
290,U+1F9D1 U+200D U+1F4BC,🧑‍💼,office worker,office_worker
291,U+1F468 U+200D U+1F4BC,👨‍💼,man office worker,man_office_worker
292,U+1F469 U+200D U+1F4BC,👩‍💼,woman office worker,woman_office_worker
293,U+1F9D1 U+200D U+1F52C,🧑‍🔬,scientist,scientist
294,U+1F468 U+200D U+1F52C,👨‍🔬,man scientist,man_scientist
295,U+1F469 U+200D U+1F52C,👩‍🔬,woman scientist,woman_scientist
296,U+1F9D1 U+200D U+1F4BB,🧑‍💻,technologist,technologist
297,U+1F468 U+200D U+1F4BB,👨‍💻,man technologist,man_technologist
298,U+1F469 U+200D U+1F4BB,👩‍💻,woman technologist,woman_technologist
299,U+1F9D1 U+200D U+1F3A4,🧑‍🎤,singer,singer
300,U+1F468 U+200D U+1F3A4,👨‍🎤,man singer,man_singer
301,U+1F469 U+200D U+1F3A4,👩‍🎤,woman singer,woman_singer
302,U+1F9D1 U+200D U+1F3A8,🧑‍🎨,artist,artist
303,U+1F468 U+200D U+1F3A8,👨‍🎨,man artist,man_artist
304,U+1F469 U+200D U+1F3A8,👩‍🎨,woman artist,woman_artist
305,U+1F9D1 U+200D U+2708 U+FE0F,🧑‍✈️,pilot,pilot
306,U+1F468 U+200D U+2708 U+FE0F,👨‍✈️,man pilot,man_pilot
307,U+1F469 U+200D U+2708 U+FE0F,👩‍✈️,woman pilot,woman_pilot
308,U+1F9D1 U+200D U+1F680,🧑‍🚀,astronaut,astronaut
309,U+1F468 U+200D U+1F680,👨‍🚀,man astronaut,man_astronaut
310,U+1F469 U+200D U+1F680,👩‍🚀,woman astronaut,woman_astronaut
311,U+1F9D1 U+200D U+1F692,🧑‍🚒,firefighter,firefighter
312,U+1F468 U+200D U+1F692,👨‍🚒,man firefighter,man_firefighter
313,U+1F469 U+200D U+1F692,👩‍🚒,woman firefighter,woman_firefighter
314,U+1F46E,👮,police officer,police_officer
315,U+1F46E U+200D U+2642 U+FE0F,👮‍♂️,man police officer,man_police_officer
316,U+1F46E U+200D U+2640 U+FE0F,👮‍♀️,woman police officer,woman_police_officer
317,U+1F575,🕵,detective,detective
318,U+1F575 U+FE0F U+200D U+2642 U+FE0F,🕵️‍♂️,man detective,man_detective
319,U+1F575 U+FE0F U+200D U+2640 U+FE0F,🕵️‍♀️,woman detective,woman_detective
320,U+1F482,💂,guard,guard
321,U+1F482 U+200D U+2642 U+FE0F,💂‍♂️,man guard,man_guard
322,U+1F482 U+200D U+2640 U+FE0F,💂‍♀️,woman guard,woman_guard
323,U+1F977,🥷,ninja,ninja
324,U+1F477,👷,construction worker,construction_worker
325,U+1F477 U+200D U+2642 U+FE0F,👷‍♂️,man construction worker,man_construction_worker
326,U+1F477 U+200D U+2640 U+FE0F,👷‍♀️,woman construction worker,woman_construction_worker
327,U+1F934,🤴,prince,prince
328,U+1F478,👸,princess,princess
329,U+1F473,👳,person wearing turban,person_wearing_turban
330,U+1F473 U+200D U+2642 U+FE0F,👳‍♂️,man wearing turban,man_wearing_turban
331,U+1F473 U+200D U+2640 U+FE0F,👳‍♀️,woman wearing turban,woman_wearing_turban
332,U+1F472,👲,person with skullcap,person_with_skullcap
333,U+1F9D5,🧕,woman with headscarf,woman_with_headscarf
334,U+1F935,🤵,person in tuxedo,person_in_tuxedo
335,U+1F935 U+200D U+2642 U+FE0F,🤵‍♂️,man in tuxedo,man_in_tuxedo
336,U+1F935 U+200D U+2640 U+FE0F,🤵‍♀️,woman in tuxedo,woman_in_tuxedo
337,U+1F470,👰,person with veil,person_with_veil
338,U+1F470 U+200D U+2642 U+FE0F,👰‍♂️,man with veil,man_with_veil
339,U+1F470 U+200D U+2640 U+FE0F,👰‍♀️,woman with veil,woman_with_veil
340,U+1F930,🤰,pregnant woman,pregnant_woman
341,U+1F931,🤱,breast-feeding,breast_feeding
342,U+1F469 U+200D U+1F37C,👩‍🍼,woman feeding baby,woman_feeding_baby
343,U+1F468 U+200D U+1F37C,👨‍🍼,man feeding baby,man_feeding_baby
344,U+1F9D1 U+200D U+1F37C,🧑‍🍼,person feeding baby,person_feeding_baby
345,U+1F47C,👼,baby angel,baby_angel
346,U+1F385,🎅,Santa Claus,Santa_Claus
347,U+1F936,🤶,Mrs: Claus,Mrs_Claus
348,U+1F9D1 U+200D U+1F384,🧑‍🎄,mx claus,mx_claus
349,U+1F9B8,🦸,superhero,superhero
350,U+1F9B8 U+200D U+2642 U+FE0F,🦸‍♂️,man superhero,man_superhero
351,U+1F9B8 U+200D U+2640 U+FE0F,🦸‍♀️,woman superhero,woman_superhero
352,U+1F9B9,🦹,supervillain,supervillain
353,U+1F9B9 U+200D U+2642 U+FE0F,🦹‍♂️,man supervillain,man_supervillain
354,U+1F9B9 U+200D U+2640 U+FE0F,🦹‍♀️,woman supervillain,woman_supervillain
355,U+1F9D9,🧙,mage,mage
356,U+1F9D9 U+200D U+2642 U+FE0F,🧙‍♂️,man mage,man_mage
357,U+1F9D9 U+200D U+2640 U+FE0F,🧙‍♀️,woman mage,woman_mage
358,U+1F9DA,🧚,fairy,fairy
359,U+1F9DA U+200D U+2642 U+FE0F,🧚‍♂️,man fairy,man_fairy
360,U+1F9DA U+200D U+2640 U+FE0F,🧚‍♀️,woman fairy,woman_fairy
361,U+1F9DB,🧛,vampire,vampire
362,U+1F9DB U+200D U+2642 U+FE0F,🧛‍♂️,man vampire,man_vampire
363,U+1F9DB U+200D U+2640 U+FE0F,🧛‍♀️,woman vampire,woman_vampire
364,U+1F9DC,🧜,merperson,merperson
365,U+1F9DC U+200D U+2642 U+FE0F,🧜‍♂️,merman,merman
366,U+1F9DC U+200D U+2640 U+FE0F,🧜‍♀️,mermaid,mermaid
367,U+1F9DD,🧝,elf,elf
368,U+1F9DD U+200D U+2642 U+FE0F,🧝‍♂️,man elf,man_elf
369,U+1F9DD U+200D U+2640 U+FE0F,🧝‍♀️,woman elf,woman_elf
370,U+1F9DE,🧞,genie,genie
371,U+1F9DE U+200D U+2642 U+FE0F,🧞‍♂️,man genie,man_genie
372,U+1F9DE U+200D U+2640 U+FE0F,🧞‍♀️,woman genie,woman_genie
373,U+1F9DF,🧟,zombie,zombie
374,U+1F9DF U+200D U+2642 U+FE0F,🧟‍♂️,man zombie,man_zombie
375,U+1F9DF U+200D U+2640 U+FE0F,🧟‍♀️,woman zombie,woman_zombie
376,U+1F486,💆,person getting massage,person_getting_massage
377,U+1F486 U+200D U+2642 U+FE0F,💆‍♂️,man getting massage,man_getting_massage
378,U+1F486 U+200D U+2640 U+FE0F,💆‍♀️,woman getting massage,woman_getting_massage
379,U+1F487,💇,person getting haircut,person_getting_haircut
380,U+1F487 U+200D U+2642 U+FE0F,💇‍♂️,man getting haircut,man_getting_haircut
381,U+1F487 U+200D U+2640 U+FE0F,💇‍♀️,woman getting haircut,woman_getting_haircut
382,U+1F6B6,🚶,person walking,person_walking
383,U+1F6B6 U+200D U+2642 U+FE0F,🚶‍♂️,man walking,man_walking
384,U+1F6B6 U+200D U+2640 U+FE0F,🚶‍♀️,woman walking,woman_walking
385,U+1F9CD,🧍,person standing,person_standing
386,U+1F9CD U+200D U+2642 U+FE0F,🧍‍♂️,man standing,man_standing
387,U+1F9CD U+200D U+2640 U+FE0F,🧍‍♀️,woman standing,woman_standing
388,U+1F9CE,🧎,person kneeling,person_kneeling
389,U+1F9CE U+200D U+2642 U+FE0F,🧎‍♂️,man kneeling,man_kneeling
390,U+1F9CE U+200D U+2640 U+FE0F,🧎‍♀️,woman kneeling,woman_kneeling
391,U+1F9D1 U+200D U+1F9AF,🧑‍🦯,person with white cane,person_with_white_cane
392,U+1F468 U+200D U+1F9AF,👨‍🦯,man with white cane,man_with_white_cane
393,U+1F469 U+200D U+1F9AF,👩‍🦯,woman with white cane,woman_with_white_cane
394,U+1F9D1 U+200D U+1F9BC,🧑‍🦼,person in motorized wheelchair,person_in_motorized_wheelchair
395,U+1F468 U+200D U+1F9BC,👨‍🦼,man in motorized wheelchair,man_in_motorized_wheelchair
396,U+1F469 U+200D U+1F9BC,👩‍🦼,woman in motorized wheelchair,woman_in_motorized_wheelchair
397,U+1F9D1 U+200D U+1F9BD,🧑‍🦽,person in manual wheelchair,person_in_manual_wheelchair
398,U+1F468 U+200D U+1F9BD,👨‍🦽,man in manual wheelchair,man_in_manual_wheelchair
399,U+1F469 U+200D U+1F9BD,👩‍🦽,woman in manual wheelchair,woman_in_manual_wheelchair
400,U+1F3C3,🏃,person running,person_running
401,U+1F3C3 U+200D U+2642 U+FE0F,🏃‍♂️,man running,man_running
402,U+1F3C3 U+200D U+2640 U+FE0F,🏃‍♀️,woman running,woman_running
403,U+1F483,💃,woman dancing,woman_dancing
404,U+1F57A,🕺,man dancing,man_dancing
405,U+1F574,🕴,person in suit levitating,person_in_suit_levitating
406,U+1F46F,👯,people with bunny ears,people_with_bunny_ears
407,U+1F46F U+200D U+2642 U+FE0F,👯‍♂️,men with bunny ears,men_with_bunny_ears
408,U+1F46F U+200D U+2640 U+FE0F,👯‍♀️,women with bunny ears,women_with_bunny_ears
409,U+1F9D6,🧖,person in steamy room,person_in_steamy_room
410,U+1F9D6 U+200D U+2642 U+FE0F,🧖‍♂️,man in steamy room,man_in_steamy_room
411,U+1F9D6 U+200D U+2640 U+FE0F,🧖‍♀️,woman in steamy room,woman_in_steamy_room
412,U+1F9D7,🧗,person climbing,person_climbing
413,U+1F9D7 U+200D U+2642 U+FE0F,🧗‍♂️,man climbing,man_climbing
414,U+1F9D7 U+200D U+2640 U+FE0F,🧗‍♀️,woman climbing,woman_climbing
415,U+1F93A,🤺,person fencing,person_fencing
416,U+1F3C7,🏇,horse racing,horse_racing
417,U+26F7,⛷,skier,skier
418,U+1F3C2,🏂,snowboarder,snowboarder
419,U+1F3CC,🏌,person golfing,person_golfing
420,U+1F3CC U+FE0F U+200D U+2642 U+FE0F,🏌️‍♂️,man golfing,man_golfing
421,U+1F3CC U+FE0F U+200D U+2640 U+FE0F,🏌️‍♀️,woman golfing,woman_golfing
422,U+1F3C4,🏄,person surfing,person_surfing
423,U+1F3C4 U+200D U+2642 U+FE0F,🏄‍♂️,man surfing,man_surfing
424,U+1F3C4 U+200D U+2640 U+FE0F,🏄‍♀️,woman surfing,woman_surfing
425,U+1F6A3,🚣,person rowing boat,person_rowing_boat
426,U+1F6A3 U+200D U+2642 U+FE0F,🚣‍♂️,man rowing boat,man_rowing_boat
427,U+1F6A3 U+200D U+2640 U+FE0F,🚣‍♀️,woman rowing boat,woman_rowing_boat
428,U+1F3CA,🏊,person swimming,person_swimming
429,U+1F3CA U+200D U+2642 U+FE0F,🏊‍♂️,man swimming,man_swimming
430,U+1F3CA U+200D U+2640 U+FE0F,🏊‍♀️,woman swimming,woman_swimming
431,U+26F9,⛹,person bouncing ball,person_bouncing_ball
432,U+26F9 U+FE0F U+200D U+2642 U+FE0F,⛹️‍♂️,man bouncing ball,man_bouncing_ball
433,U+26F9 U+FE0F U+200D U+2640 U+FE0F,⛹️‍♀️,woman bouncing ball,woman_bouncing_ball
434,U+1F3CB,🏋,person lifting weights,person_lifting_weights
435,U+1F3CB U+FE0F U+200D U+2642 U+FE0F,🏋️‍♂️,man lifting weights,man_lifting_weights
436,U+1F3CB U+FE0F U+200D U+2640 U+FE0F,🏋️‍♀️,woman lifting weights,woman_lifting_weights
437,U+1F6B4,🚴,person biking,person_biking
438,U+1F6B4 U+200D U+2642 U+FE0F,🚴‍♂️,man biking,man_biking
439,U+1F6B4 U+200D U+2640 U+FE0F,🚴‍♀️,woman biking,woman_biking
440,U+1F6B5,🚵,person mountain biking,person_mountain_biking
441,U+1F6B5 U+200D U+2642 U+FE0F,🚵‍♂️,man mountain biking,man_mountain_biking
442,U+1F6B5 U+200D U+2640 U+FE0F,🚵‍♀️,woman mountain biking,woman_mountain_biking
443,U+1F938,🤸,person cartwheeling,person_cartwheeling
444,U+1F938 U+200D U+2642 U+FE0F,🤸‍♂️,man cartwheeling,man_cartwheeling
445,U+1F938 U+200D U+2640 U+FE0F,🤸‍♀️,woman cartwheeling,woman_cartwheeling
446,U+1F93C,🤼,people wrestling,people_wrestling
447,U+1F93C U+200D U+2642 U+FE0F,🤼‍♂️,men wrestling,men_wrestling
448,U+1F93C U+200D U+2640 U+FE0F,🤼‍♀️,women wrestling,women_wrestling
449,U+1F93D,🤽,person playing water polo,person_playing_water_polo
450,U+1F93D U+200D U+2642 U+FE0F,🤽‍♂️,man playing water polo,man_playing_water_polo
451,U+1F93D U+200D U+2640 U+FE0F,🤽‍♀️,woman playing water polo,woman_playing_water_polo
452,U+1F93E,🤾,person playing handball,person_playing_handball
453,U+1F93E U+200D U+2642 U+FE0F,🤾‍♂️,man playing handball,man_playing_handball
454,U+1F93E U+200D U+2640 U+FE0F,🤾‍♀️,woman playing handball,woman_playing_handball
455,U+1F939,🤹,person juggling,person_juggling
456,U+1F939 U+200D U+2642 U+FE0F,🤹‍♂️,man juggling,man_juggling
457,U+1F939 U+200D U+2640 U+FE0F,🤹‍♀️,woman juggling,woman_juggling
458,U+1F9D8,🧘,person in lotus position,person_in_lotus_position
459,U+1F9D8 U+200D U+2642 U+FE0F,🧘‍♂️,man in lotus position,man_in_lotus_position
460,U+1F9D8 U+200D U+2640 U+FE0F,🧘‍♀️,woman in lotus position,woman_in_lotus_position
461,U+1F6C0,🛀,person taking bath,person_taking_bath
462,U+1F6CC,🛌,person in bed,person_in_bed
463,U+1F9D1 U+200D U+1F91D U+200D U+1F9D1,🧑‍🤝‍🧑,people holding hands,people_holding_hands
464,U+1F46D,👭,women holding hands,women_holding_hands
465,U+1F46B,👫,woman and man holding hands,woman_and_man_holding_hands
466,U+1F46C,👬,men holding hands,men_holding_hands
467,U+1F48F,💏,kiss,kiss
468,U+1F469 U+200D U+2764 U+FE0F U+200D U+1F48B U+200D U+1F468,👩‍❤️‍💋‍👨,"kiss: woman, man",kiss_woman_man
469,U+1F468 U+200D U+2764 U+FE0F U+200D U+1F48B U+200D U+1F468,👨‍❤️‍💋‍👨,"kiss: man, man",kiss_man_man
470,U+1F469 U+200D U+2764 U+FE0F U+200D U+1F48B U+200D U+1F469,👩‍❤️‍💋‍👩,"kiss: woman, woman",kiss_woman_woman
471,U+1F491,💑,couple with heart,couple_with_heart
472,U+1F469 U+200D U+2764 U+FE0F U+200D U+1F468,👩‍❤️‍👨,"couple with heart: woman, man",couple_with_heart_woman_man
473,U+1F468 U+200D U+2764 U+FE0F U+200D U+1F468,👨‍❤️‍👨,"couple with heart: man, man",couple_with_heart_man_man
474,U+1F469 U+200D U+2764 U+FE0F U+200D U+1F469,👩‍❤️‍👩,"couple with heart: woman, woman",couple_with_heart_woman_woman
475,U+1F46A,👪,family,family
476,U+1F468 U+200D U+1F469 U+200D U+1F466,👨‍👩‍👦,"family: man, woman, boy",family_man_woman_boy
477,U+1F468 U+200D U+1F469 U+200D U+1F467,👨‍👩‍👧,"family: man, woman, girl",family_man_woman_girl
478,U+1F468 U+200D U+1F469 U+200D U+1F467 U+200D U+1F466,👨‍👩‍👧‍👦,"family: man, woman, girl, boy",family_man_woman_girl_boy
479,U+1F468 U+200D U+1F469 U+200D U+1F466 U+200D U+1F466,👨‍👩‍👦‍👦,"family: man, woman, boy, boy",family_man_woman_boy_boy
480,U+1F468 U+200D U+1F469 U+200D U+1F467 U+200D U+1F467,👨‍👩‍👧‍👧,"family: man, woman, girl, girl",family_man_woman_girl_girl
481,U+1F468 U+200D U+1F468 U+200D U+1F466,👨‍👨‍👦,"family: man, man, boy",family_man_man_boy
482,U+1F468 U+200D U+1F468 U+200D U+1F467,👨‍👨‍👧,"family: man, man, girl",family_man_man_girl
483,U+1F468 U+200D U+1F468 U+200D U+1F467 U+200D U+1F466,👨‍👨‍👧‍👦,"family: man, man, girl, boy",family_man_man_girl_boy
484,U+1F468 U+200D U+1F468 U+200D U+1F466 U+200D U+1F466,👨‍👨‍👦‍👦,"family: man, man, boy, boy",family_man_man_boy_boy
485,U+1F468 U+200D U+1F468 U+200D U+1F467 U+200D U+1F467,👨‍👨‍👧‍👧,"family: man, man, girl, girl",family_man_man_girl_girl
486,U+1F469 U+200D U+1F469 U+200D U+1F466,👩‍👩‍👦,"family: woman, woman, boy",family_woman_woman_boy
487,U+1F469 U+200D U+1F469 U+200D U+1F467,👩‍👩‍👧,"family: woman, woman, girl",family_woman_woman_girl
488,U+1F469 U+200D U+1F469 U+200D U+1F467 U+200D U+1F466,👩‍👩‍👧‍👦,"family: woman, woman, girl, boy",family_woman_woman_girl_boy
489,U+1F469 U+200D U+1F469 U+200D U+1F466 U+200D U+1F466,👩‍👩‍👦‍👦,"family: woman, woman, boy, boy",family_woman_woman_boy_boy
490,U+1F469 U+200D U+1F469 U+200D U+1F467 U+200D U+1F467,👩‍👩‍👧‍👧,"family: woman, woman, girl, girl",family_woman_woman_girl_girl
491,U+1F468 U+200D U+1F466,👨‍👦,"family: man, boy",family_man_boy
492,U+1F468 U+200D U+1F466 U+200D U+1F466,👨‍👦‍👦,"family: man, boy, boy",family_man_boy_boy
493,U+1F468 U+200D U+1F467,👨‍👧,"family: man, girl",family_man_girl
494,U+1F468 U+200D U+1F467 U+200D U+1F466,👨‍👧‍👦,"family: man, girl, boy",family_man_girl_boy
495,U+1F468 U+200D U+1F467 U+200D U+1F467,👨‍👧‍👧,"family: man, girl, girl",family_man_girl_girl
496,U+1F469 U+200D U+1F466,👩‍👦,"family: woman, boy",family_woman_boy
497,U+1F469 U+200D U+1F466 U+200D U+1F466,👩‍👦‍👦,"family: woman, boy, boy",family_woman_boy_boy
498,U+1F469 U+200D U+1F467,👩‍👧,"family: woman, girl",family_woman_girl
499,U+1F469 U+200D U+1F467 U+200D U+1F466,👩‍👧‍👦,"family: woman, girl, boy",family_woman_girl_boy
500,U+1F469 U+200D U+1F467 U+200D U+1F467,👩‍👧‍👧,"family: woman, girl, girl",family_woman_girl_girl
501,U+1F5E3,🗣,speaking head,speaking_head
502,U+1F464,👤,bust in silhouette,bust_in_silhouette
503,U+1F465,👥,busts in silhouette,busts_in_silhouette
504,U+1FAC2,🫂,people hugging,people_hugging
505,U+1F463,👣,footprints,footprints
506,U+1F9B0,🦰,red hair,red_hair
507,U+1F9B1,🦱,curly hair,curly_hair
508,U+1F9B3,🦳,white hair,white_hair
509,U+1F9B2,🦲,bald,bald
510,U+1F435,🐵,monkey face,monkey_face
511,U+1F412,🐒,monkey,monkey
512,U+1F98D,🦍,gorilla,gorilla
513,U+1F9A7,🦧,orangutan,orangutan
514,U+1F436,🐶,dog face,dog_face
515,U+1F415,🐕,dog,dog
516,U+1F9AE,🦮,guide dog,guide_dog
517,U+1F415 U+200D U+1F9BA,🐕‍🦺,service dog,service_dog
518,U+1F429,🐩,poodle,poodle
519,U+1F43A,🐺,wolf,wolf
520,U+1F98A,🦊,fox,fox
521,U+1F99D,🦝,raccoon,raccoon
522,U+1F431,🐱,cat face,cat_face
523,U+1F408,🐈,cat,cat
524,U+1F408 U+200D U+2B1B,🐈‍⬛,black cat,black_cat
525,U+1F981,🦁,lion,lion
526,U+1F42F,🐯,tiger face,tiger_face
527,U+1F405,🐅,tiger,tiger
528,U+1F406,🐆,leopard,leopard
529,U+1F434,🐴,horse face,horse_face
530,U+1F40E,🐎,horse,horse
531,U+1F984,🦄,unicorn,unicorn
532,U+1F993,🦓,zebra,zebra
533,U+1F98C,🦌,deer,deer
534,U+1F9AC,🦬,bison,bison
535,U+1F42E,🐮,cow face,cow_face
536,U+1F402,🐂,ox,ox
537,U+1F403,🐃,water buffalo,water_buffalo
538,U+1F404,🐄,cow,cow
539,U+1F437,🐷,pig face,pig_face
540,U+1F416,🐖,pig,pig
541,U+1F417,🐗,boar,boar
542,U+1F43D,🐽,pig nose,pig_nose
543,U+1F40F,🐏,ram,ram
544,U+1F411,🐑,ewe,ewe
545,U+1F410,🐐,goat,goat
546,U+1F42A,🐪,camel,camel
547,U+1F42B,🐫,two-hump camel,two_hump_camel
548,U+1F999,🦙,llama,llama
549,U+1F992,🦒,giraffe,giraffe
550,U+1F418,🐘,elephant,elephant
551,U+1F9A3,🦣,mammoth,mammoth
552,U+1F98F,🦏,rhinoceros,rhinoceros
553,U+1F99B,🦛,hippopotamus,hippopotamus
554,U+1F42D,🐭,mouse face,mouse_face
555,U+1F401,🐁,mouse,mouse
556,U+1F400,🐀,rat,rat
557,U+1F439,🐹,hamster,hamster
558,U+1F430,🐰,rabbit face,rabbit_face
559,U+1F407,🐇,rabbit,rabbit
560,U+1F43F,🐿,chipmunk,chipmunk
561,U+1F9AB,🦫,beaver,beaver
562,U+1F994,🦔,hedgehog,hedgehog
563,U+1F987,🦇,bat,bat
564,U+1F43B,🐻,bear,bear
565,U+1F43B U+200D U+2744 U+FE0F,🐻‍❄️,polar bear,polar_bear
566,U+1F428,🐨,koala,koala
567,U+1F43C,🐼,panda,panda
568,U+1F9A5,🦥,sloth,sloth
569,U+1F9A6,🦦,otter,otter
570,U+1F9A8,🦨,skunk,skunk
571,U+1F998,🦘,kangaroo,kangaroo
572,U+1F9A1,🦡,badger,badger
573,U+1F43E,🐾,paw prints,paw_prints
574,U+1F983,🦃,turkey,turkey
575,U+1F414,🐔,chicken,chicken
576,U+1F413,🐓,rooster,rooster
577,U+1F423,🐣,hatching chick,hatching_chick
578,U+1F424,🐤,baby chick,baby_chick
579,U+1F425,🐥,front-facing baby chick,front_facing_baby_chick
580,U+1F426,🐦,bird,bird
581,U+1F427,🐧,penguin,penguin
582,U+1F54A,🕊,dove,dove
583,U+1F985,🦅,eagle,eagle
584,U+1F986,🦆,duck,duck
585,U+1F9A2,🦢,swan,swan
586,U+1F989,🦉,owl,owl
587,U+1F9A4,🦤,dodo,dodo
588,U+1FAB6,🪶,feather,feather
589,U+1F9A9,🦩,flamingo,flamingo
590,U+1F99A,🦚,peacock,peacock
591,U+1F99C,🦜,parrot,parrot
592,U+1F438,🐸,frog,frog
593,U+1F40A,🐊,crocodile,crocodile
594,U+1F422,🐢,turtle,turtle
595,U+1F98E,🦎,lizard,lizard
596,U+1F40D,🐍,snake,snake
597,U+1F432,🐲,dragon face,dragon_face
598,U+1F409,🐉,dragon,dragon
599,U+1F995,🦕,sauropod,sauropod
600,U+1F996,🦖,T-Rex,T_Rex
601,U+1F433,🐳,spouting whale,spouting_whale
602,U+1F40B,🐋,whale,whale
603,U+1F42C,🐬,dolphin,dolphin
604,U+1F9AD,🦭,seal,seal
605,U+1F41F,🐟,fish,fish
606,U+1F420,🐠,tropical fish,tropical_fish
607,U+1F421,🐡,blowfish,blowfish
608,U+1F988,🦈,shark,shark
609,U+1F419,🐙,octopus,octopus
610,U+1F41A,🐚,spiral shell,spiral_shell
611,U+1F40C,🐌,snail,snail
612,U+1F98B,🦋,butterfly,butterfly
613,U+1F41B,🐛,bug,bug
614,U+1F41C,🐜,ant,ant
615,U+1F41D,🐝,honeybee,honeybee
616,U+1FAB2,🪲,beetle,beetle
617,U+1F41E,🐞,lady beetle,lady_beetle
618,U+1F997,🦗,cricket,cricket
619,U+1FAB3,🪳,cockroach,cockroach
620,U+1F577,🕷,spider,spider
621,U+1F578,🕸,spider web,spider_web
622,U+1F982,🦂,scorpion,scorpion
623,U+1F99F,🦟,mosquito,mosquito
624,U+1FAB0,🪰,fly,fly
625,U+1FAB1,🪱,worm,worm
626,U+1F9A0,🦠,microbe,microbe
627,U+1F490,💐,bouquet,bouquet
628,U+1F338,🌸,cherry blossom,cherry_blossom
629,U+1F4AE,💮,white flower,white_flower
630,U+1F3F5,🏵,rosette,rosette
631,U+1F339,🌹,rose,rose
632,U+1F940,🥀,wilted flower,wilted_flower
633,U+1F33A,🌺,hibiscus,hibiscus
634,U+1F33B,🌻,sunflower,sunflower
635,U+1F33C,🌼,blossom,blossom
636,U+1F337,🌷,tulip,tulip
637,U+1F331,🌱,seedling,seedling
638,U+1FAB4,🪴,potted plant,potted_plant
639,U+1F332,🌲,evergreen tree,evergreen_tree
640,U+1F333,🌳,deciduous tree,deciduous_tree
641,U+1F334,🌴,palm tree,palm_tree
642,U+1F335,🌵,cactus,cactus
643,U+1F33E,🌾,sheaf of rice,sheaf_of_rice
644,U+1F33F,🌿,herb,herb
645,U+2618,☘,shamrock,shamrock
646,U+1F340,🍀,four leaf clover,four_leaf_clover
647,U+1F341,🍁,maple leaf,maple_leaf
648,U+1F342,🍂,fallen leaf,fallen_leaf
649,U+1F343,🍃,leaf fluttering in wind,leaf_fluttering_in_wind
650,U+1F347,🍇,grapes,grapes
651,U+1F348,🍈,melon,melon
652,U+1F349,🍉,watermelon,watermelon
653,U+1F34A,🍊,tangerine,tangerine
654,U+1F34B,🍋,lemon,lemon
655,U+1F34C,🍌,banana,banana
656,U+1F34D,🍍,pineapple,pineapple
657,U+1F96D,🥭,mango,mango
658,U+1F34E,🍎,red apple,red_apple
659,U+1F34F,🍏,green apple,green_apple
660,U+1F350,🍐,pear,pear
661,U+1F351,🍑,peach,peach
662,U+1F352,🍒,cherries,cherries
663,U+1F353,🍓,strawberry,strawberry
664,U+1FAD0,🫐,blueberries,blueberries
665,U+1F95D,🥝,kiwi fruit,kiwi_fruit
666,U+1F345,🍅,tomato,tomato
667,U+1FAD2,🫒,olive,olive
668,U+1F965,🥥,coconut,coconut
669,U+1F951,🥑,avocado,avocado
670,U+1F346,🍆,eggplant,eggplant
671,U+1F954,🥔,potato,potato
672,U+1F955,🥕,carrot,carrot
673,U+1F33D,🌽,ear of corn,ear_of_corn
674,U+1F336,🌶,hot pepper,hot_pepper
675,U+1FAD1,🫑,bell pepper,bell_pepper
676,U+1F952,🥒,cucumber,cucumber
677,U+1F96C,🥬,leafy green,leafy_green
678,U+1F966,🥦,broccoli,broccoli
679,U+1F9C4,🧄,garlic,garlic
680,U+1F9C5,🧅,onion,onion
681,U+1F344,🍄,mushroom,mushroom
682,U+1F95C,🥜,peanuts,peanuts
683,U+1F330,🌰,chestnut,chestnut
684,U+1F35E,🍞,bread,bread
685,U+1F950,🥐,croissant,croissant
686,U+1F956,🥖,baguette bread,baguette_bread
687,U+1FAD3,🫓,flatbread,flatbread
688,U+1F968,🥨,pretzel,pretzel
689,U+1F96F,🥯,bagel,bagel
690,U+1F95E,🥞,pancakes,pancakes
691,U+1F9C7,🧇,waffle,waffle
692,U+1F9C0,🧀,cheese wedge,cheese_wedge
693,U+1F356,🍖,meat on bone,meat_on_bone
694,U+1F357,🍗,poultry leg,poultry_leg
695,U+1F969,🥩,cut of meat,cut_of_meat
696,U+1F953,🥓,bacon,bacon
697,U+1F354,🍔,hamburger,hamburger
698,U+1F35F,🍟,french fries,french_fries
699,U+1F355,🍕,pizza,pizza
700,U+1F32D,🌭,hot dog,hot_dog
701,U+1F96A,🥪,sandwich,sandwich
702,U+1F32E,🌮,taco,taco
703,U+1F32F,🌯,burrito,burrito
704,U+1FAD4,🫔,tamale,tamale
705,U+1F959,🥙,stuffed flatbread,stuffed_flatbread
706,U+1F9C6,🧆,falafel,falafel
707,U+1F95A,🥚,egg,egg
708,U+1F373,🍳,cooking,cooking
709,U+1F958,🥘,shallow pan of food,shallow_pan_of_food
710,U+1F372,🍲,pot of food,pot_of_food
711,U+1FAD5,🫕,fondue,fondue
712,U+1F963,🥣,bowl with spoon,bowl_with_spoon
713,U+1F957,🥗,green salad,green_salad
714,U+1F37F,🍿,popcorn,popcorn
715,U+1F9C8,🧈,butter,butter
716,U+1F9C2,🧂,salt,salt
717,U+1F96B,🥫,canned food,canned_food
718,U+1F371,🍱,bento box,bento_box
719,U+1F358,🍘,rice cracker,rice_cracker
720,U+1F359,🍙,rice ball,rice_ball
721,U+1F35A,🍚,cooked rice,cooked_rice
722,U+1F35B,🍛,curry rice,curry_rice
723,U+1F35C,🍜,steaming bowl,steaming_bowl
724,U+1F35D,🍝,spaghetti,spaghetti
725,U+1F360,🍠,roasted sweet potato,roasted_sweet_potato
726,U+1F362,🍢,oden,oden
727,U+1F363,🍣,sushi,sushi
728,U+1F364,🍤,fried shrimp,fried_shrimp
729,U+1F365,🍥,fish cake with swirl,fish_cake_with_swirl
730,U+1F96E,🥮,moon cake,moon_cake
731,U+1F361,🍡,dango,dango
732,U+1F95F,🥟,dumpling,dumpling
733,U+1F960,🥠,fortune cookie,fortune_cookie
734,U+1F961,🥡,takeout box,takeout_box
735,U+1F980,🦀,crab,crab
736,U+1F99E,🦞,lobster,lobster
737,U+1F990,🦐,shrimp,shrimp
738,U+1F991,🦑,squid,squid
739,U+1F9AA,🦪,oyster,oyster
740,U+1F366,🍦,soft ice cream,soft_ice_cream
741,U+1F367,🍧,shaved ice,shaved_ice
742,U+1F368,🍨,ice cream,ice_cream
743,U+1F369,🍩,doughnut,doughnut
744,U+1F36A,🍪,cookie,cookie
745,U+1F382,🎂,birthday cake,birthday_cake
746,U+1F370,🍰,shortcake,shortcake
747,U+1F9C1,🧁,cupcake,cupcake
748,U+1F967,🥧,pie,pie
749,U+1F36B,🍫,chocolate bar,chocolate_bar
750,U+1F36C,🍬,candy,candy
751,U+1F36D,🍭,lollipop,lollipop
752,U+1F36E,🍮,custard,custard
753,U+1F36F,🍯,honey pot,honey_pot
754,U+1F37C,🍼,baby bottle,baby_bottle
755,U+1F95B,🥛,glass of milk,glass_of_milk
756,U+2615,☕,hot beverage,hot_beverage
757,U+1FAD6,🫖,teapot,teapot
758,U+1F375,🍵,teacup without handle,teacup_without_handle
759,U+1F376,🍶,sake,sake
760,U+1F37E,🍾,bottle with popping cork,bottle_with_popping_cork
761,U+1F377,🍷,wine glass,wine_glass
762,U+1F378,🍸,cocktail glass,cocktail_glass
763,U+1F379,🍹,tropical drink,tropical_drink
764,U+1F37A,🍺,beer mug,beer_mug
765,U+1F37B,🍻,clinking beer mugs,clinking_beer_mugs
766,U+1F942,🥂,clinking glasses,clinking_glasses
767,U+1F943,🥃,tumbler glass,tumbler_glass
768,U+1F964,🥤,cup with straw,cup_with_straw
769,U+1F9CB,🧋,bubble tea,bubble_tea
770,U+1F9C3,🧃,beverage box,beverage_box
771,U+1F9C9,🧉,mate,mate
772,U+1F9CA,🧊,ice,ice
773,U+1F962,🥢,chopsticks,chopsticks
774,U+1F37D,🍽,fork and knife with plate,fork_and_knife_with_plate
775,U+1F374,🍴,fork and knife,fork_and_knife
776,U+1F944,🥄,spoon,spoon
777,U+1F52A,🔪,kitchen knife,kitchen_knife
778,U+1F3FA,🏺,amphora,amphora
779,U+1F30D,🌍,globe showing Europe-Africa,globe_showing_Europe_Africa
780,U+1F30E,🌎,globe showing Americas,globe_showing_Americas
781,U+1F30F,🌏,globe showing Asia-Australia,globe_showing_Asia_Australia
782,U+1F310,🌐,globe with meridians,globe_with_meridians
783,U+1F5FA,🗺,world map,world_map
784,U+1F5FE,🗾,map of Japan,map_of_Japan
785,U+1F9ED,🧭,compass,compass
786,U+1F3D4,🏔,snow-capped mountain,snow_capped_mountain
787,U+26F0,⛰,mountain,mountain
788,U+1F30B,🌋,volcano,volcano
789,U+1F5FB,🗻,mount fuji,mount_fuji
790,U+1F3D5,🏕,camping,camping
791,U+1F3D6,🏖,beach with umbrella,beach_with_umbrella
792,U+1F3DC,🏜,desert,desert
793,U+1F3DD,🏝,desert island,desert_island
794,U+1F3DE,🏞,national park,national_park
795,U+1F3DF,🏟,stadium,stadium
796,U+1F3DB,🏛,classical building,classical_building
797,U+1F3D7,🏗,building construction,building_construction
798,U+1F9F1,🧱,brick,brick
799,U+1FAA8,🪨,rock,rock
800,U+1FAB5,🪵,wood,wood
801,U+1F6D6,🛖,hut,hut
802,U+1F3D8,🏘,houses,houses
803,U+1F3DA,🏚,derelict house,derelict_house
804,U+1F3E0,🏠,house,house
805,U+1F3E1,🏡,house with garden,house_with_garden
806,U+1F3E2,🏢,office building,office_building
807,U+1F3E3,🏣,Japanese post office,Japanese_post_office
808,U+1F3E4,🏤,post office,post_office
809,U+1F3E5,🏥,hospital,hospital
810,U+1F3E6,🏦,bank,bank
811,U+1F3E8,🏨,hotel,hotel
812,U+1F3E9,🏩,love hotel,love_hotel
813,U+1F3EA,🏪,convenience store,convenience_store
814,U+1F3EB,🏫,school,school
815,U+1F3EC,🏬,department store,department_store
816,U+1F3ED,🏭,factory,factory
817,U+1F3EF,🏯,Japanese castle,Japanese_castle
818,U+1F3F0,🏰,castle,castle
819,U+1F492,💒,wedding,wedding
820,U+1F5FC,🗼,Tokyo tower,Tokyo_tower
821,U+1F5FD,🗽,Statue of Liberty,Statue_of_Liberty
822,U+26EA,⛪,church,church
823,U+1F54C,🕌,mosque,mosque
824,U+1F6D5,🛕,hindu temple,hindu_temple
825,U+1F54D,🕍,synagogue,synagogue
826,U+26E9,⛩,shinto shrine,shinto_shrine
827,U+1F54B,🕋,kaaba,kaaba
828,U+26F2,⛲,fountain,fountain
829,U+26FA,⛺,tent,tent
830,U+1F301,🌁,foggy,foggy
831,U+1F303,🌃,night with stars,night_with_stars
832,U+1F3D9,🏙,cityscape,cityscape
833,U+1F304,🌄,sunrise over mountains,sunrise_over_mountains
834,U+1F305,🌅,sunrise,sunrise
835,U+1F306,🌆,cityscape at dusk,cityscape_at_dusk
836,U+1F307,🌇,sunset,sunset
837,U+1F309,🌉,bridge at night,bridge_at_night
838,U+2668,♨,hot springs,hot_springs
839,U+1F3A0,🎠,carousel horse,carousel_horse
840,U+1F3A1,🎡,ferris wheel,ferris_wheel
841,U+1F3A2,🎢,roller coaster,roller_coaster
842,U+1F488,💈,barber pole,barber_pole
843,U+1F3AA,🎪,circus tent,circus_tent
844,U+1F682,🚂,locomotive,locomotive
845,U+1F683,🚃,railway car,railway_car
846,U+1F684,🚄,high-speed train,high_speed_train
847,U+1F685,🚅,bullet train,bullet_train
848,U+1F686,🚆,train,train
849,U+1F687,🚇,metro,metro
850,U+1F688,🚈,light rail,light_rail
851,U+1F689,🚉,station,station
852,U+1F68A,🚊,tram,tram
853,U+1F69D,🚝,monorail,monorail
854,U+1F69E,🚞,mountain railway,mountain_railway
855,U+1F68B,🚋,tram car,tram_car
856,U+1F68C,🚌,bus,bus
857,U+1F68D,🚍,oncoming bus,oncoming_bus
858,U+1F68E,🚎,trolleybus,trolleybus
859,U+1F690,🚐,minibus,minibus
860,U+1F691,🚑,ambulance,ambulance
861,U+1F692,🚒,fire engine,fire_engine
862,U+1F693,🚓,police car,police_car
863,U+1F694,🚔,oncoming police car,oncoming_police_car
864,U+1F695,🚕,taxi,taxi
865,U+1F696,🚖,oncoming taxi,oncoming_taxi
866,U+1F697,🚗,automobile,automobile
867,U+1F698,🚘,oncoming automobile,oncoming_automobile
868,U+1F699,🚙,sport utility vehicle,sport_utility_vehicle
869,U+1F6FB,🛻,pickup truck,pickup_truck
870,U+1F69A,🚚,delivery truck,delivery_truck
871,U+1F69B,🚛,articulated lorry,articulated_lorry
872,U+1F69C,🚜,tractor,tractor
873,U+1F3CE,🏎,racing car,racing_car
874,U+1F3CD,🏍,motorcycle,motorcycle
875,U+1F6F5,🛵,motor scooter,motor_scooter
876,U+1F9BD,🦽,manual wheelchair,manual_wheelchair
877,U+1F9BC,🦼,motorized wheelchair,motorized_wheelchair
878,U+1F6FA,🛺,auto rickshaw,auto_rickshaw
879,U+1F6B2,🚲,bicycle,bicycle
880,U+1F6F4,🛴,kick scooter,kick_scooter
881,U+1F6F9,🛹,skateboard,skateboard
882,U+1F6FC,🛼,roller skate,roller_skate
883,U+1F68F,🚏,bus stop,bus_stop
884,U+1F6E3,🛣,motorway,motorway
885,U+1F6E4,🛤,railway track,railway_track
886,U+1F6E2,🛢,oil drum,oil_drum
887,U+26FD,⛽,fuel pump,fuel_pump
888,U+1F6A8,🚨,police car light,police_car_light
889,U+1F6A5,🚥,horizontal traffic light,horizontal_traffic_light
890,U+1F6A6,🚦,vertical traffic light,vertical_traffic_light
891,U+1F6D1,🛑,stop sign,stop_sign
892,U+1F6A7,🚧,construction,construction
893,U+2693,⚓,anchor,anchor
894,U+26F5,⛵,sailboat,sailboat
895,U+1F6F6,🛶,canoe,canoe
896,U+1F6A4,🚤,speedboat,speedboat
897,U+1F6F3,🛳,passenger ship,passenger_ship
898,U+26F4,⛴,ferry,ferry
899,U+1F6E5,🛥,motor boat,motor_boat
900,U+1F6A2,🚢,ship,ship
901,U+2708,✈,airplane,airplane
902,U+1F6E9,🛩,small airplane,small_airplane
903,U+1F6EB,🛫,airplane departure,airplane_departure
904,U+1F6EC,🛬,airplane arrival,airplane_arrival
905,U+1FA82,🪂,parachute,parachute
906,U+1F4BA,💺,seat,seat
907,U+1F681,🚁,helicopter,helicopter
908,U+1F69F,🚟,suspension railway,suspension_railway
909,U+1F6A0,🚠,mountain cableway,mountain_cableway
910,U+1F6A1,🚡,aerial tramway,aerial_tramway
911,U+1F6F0,🛰,satellite,satellite
912,U+1F680,🚀,rocket,rocket
913,U+1F6F8,🛸,flying saucer,flying_saucer
914,U+1F6CE,🛎,bellhop bell,bellhop_bell
915,U+1F9F3,🧳,luggage,luggage
916,U+231B,⌛,hourglass done,hourglass_done
917,U+23F3,⏳,hourglass not done,hourglass_not_done
918,U+231A,⌚,watch,watch
919,U+23F0,⏰,alarm clock,alarm_clock
920,U+23F1,⏱,stopwatch,stopwatch
921,U+23F2,⏲,timer clock,timer_clock
922,U+1F570,🕰,mantelpiece clock,mantelpiece_clock
923,U+1F55B,🕛,twelve o’clock,twelve_o_clock
924,U+1F567,🕧,twelve-thirty,twelve_thirty
925,U+1F550,🕐,one o’clock,one_o_clock
926,U+1F55C,🕜,one-thirty,one_thirty
927,U+1F551,🕑,two o’clock,two_o_clock
928,U+1F55D,🕝,two-thirty,two_thirty
929,U+1F552,🕒,three o’clock,three_o_clock
930,U+1F55E,🕞,three-thirty,three_thirty
931,U+1F553,🕓,four o’clock,four_o_clock
932,U+1F55F,🕟,four-thirty,four_thirty
933,U+1F554,🕔,five o’clock,five_o_clock
934,U+1F560,🕠,five-thirty,five_thirty
935,U+1F555,🕕,six o’clock,six_o_clock
936,U+1F561,🕡,six-thirty,six_thirty
937,U+1F556,🕖,seven o’clock,seven_o_clock
938,U+1F562,🕢,seven-thirty,seven_thirty
939,U+1F557,🕗,eight o’clock,eight_o_clock
940,U+1F563,🕣,eight-thirty,eight_thirty
941,U+1F558,🕘,nine o’clock,nine_o_clock
942,U+1F564,🕤,nine-thirty,nine_thirty
943,U+1F559,🕙,ten o’clock,ten_o_clock
944,U+1F565,🕥,ten-thirty,ten_thirty
945,U+1F55A,🕚,eleven o’clock,eleven_o_clock
946,U+1F566,🕦,eleven-thirty,eleven_thirty
947,U+1F311,🌑,new moon,new_moon
948,U+1F312,🌒,waxing crescent moon,waxing_crescent_moon
949,U+1F313,🌓,first quarter moon,first_quarter_moon
950,U+1F314,🌔,waxing gibbous moon,waxing_gibbous_moon
951,U+1F315,🌕,full moon,full_moon
952,U+1F316,🌖,waning gibbous moon,waning_gibbous_moon
953,U+1F317,🌗,last quarter moon,last_quarter_moon
954,U+1F318,🌘,waning crescent moon,waning_crescent_moon
955,U+1F319,🌙,crescent moon,crescent_moon
956,U+1F31A,🌚,new moon face,new_moon_face
957,U+1F31B,🌛,first quarter moon face,first_quarter_moon_face
958,U+1F31C,🌜,last quarter moon face,last_quarter_moon_face
959,U+1F321,🌡,thermometer,thermometer
960,U+2600,☀,sun,sun
961,U+1F31D,🌝,full moon face,full_moon_face
962,U+1F31E,🌞,sun with face,sun_with_face
963,U+1FA90,🪐,ringed planet,ringed_planet
964,U+2B50,⭐,star,star
965,U+1F31F,🌟,glowing star,glowing_star
966,U+1F320,🌠,shooting star,shooting_star
967,U+1F30C,🌌,milky way,milky_way
968,U+2601,☁,cloud,cloud
969,U+26C5,⛅,sun behind cloud,sun_behind_cloud
970,U+26C8,⛈,cloud with lightning and rain,cloud_with_lightning_and_rain
971,U+1F324,🌤,sun behind small cloud,sun_behind_small_cloud
972,U+1F325,🌥,sun behind large cloud,sun_behind_large_cloud
973,U+1F326,🌦,sun behind rain cloud,sun_behind_rain_cloud
974,U+1F327,🌧,cloud with rain,cloud_with_rain
975,U+1F328,🌨,cloud with snow,cloud_with_snow
976,U+1F329,🌩,cloud with lightning,cloud_with_lightning
977,U+1F32A,🌪,tornado,tornado
978,U+1F32B,🌫,fog,fog
979,U+1F32C,🌬,wind face,wind_face
980,U+1F300,🌀,cyclone,cyclone
981,U+1F308,🌈,rainbow,rainbow
982,U+1F302,🌂,closed umbrella,closed_umbrella
983,U+2602,☂,umbrella,umbrella
984,U+2614,☔,umbrella with rain drops,umbrella_with_rain_drops
985,U+26F1,⛱,umbrella on ground,umbrella_on_ground
986,U+26A1,⚡,high voltage,high_voltage
987,U+2744,❄,snowflake,snowflake
988,U+2603,☃,snowman,snowman
989,U+26C4,⛄,snowman without snow,snowman_without_snow
990,U+2604,☄,comet,comet
991,U+1F525,🔥,fire,fire
992,U+1F4A7,💧,droplet,droplet
993,U+1F30A,🌊,water wave,water_wave
994,U+1F383,🎃,jack-o-lantern,jack_o_lantern
995,U+1F384,🎄,Christmas tree,Christmas_tree
996,U+1F386,🎆,fireworks,fireworks
997,U+1F387,🎇,sparkler,sparkler
998,U+1F9E8,🧨,firecracker,firecracker
999,U+2728,✨,sparkles,sparkles
1000,U+1F388,🎈,balloon,balloon
1001,U+1F389,🎉,party popper,party_popper
1002,U+1F38A,🎊,confetti ball,confetti_ball
1003,U+1F38B,🎋,tanabata tree,tanabata_tree
1004,U+1F38D,🎍,pine decoration,pine_decoration
1005,U+1F38E,🎎,Japanese dolls,Japanese_dolls
1006,U+1F38F,🎏,carp streamer,carp_streamer
1007,U+1F390,🎐,wind chime,wind_chime
1008,U+1F391,🎑,moon viewing ceremony,moon_viewing_ceremony
1009,U+1F9E7,🧧,red envelope,red_envelope
1010,U+1F380,🎀,ribbon,ribbon
1011,U+1F381,🎁,wrapped gift,wrapped_gift
1012,U+1F397,🎗,reminder ribbon,reminder_ribbon
1013,U+1F39F,🎟,admission tickets,admission_tickets
1014,U+1F3AB,🎫,ticket,ticket
1015,U+1F396,🎖,military medal,military_medal
1016,U+1F3C6,🏆,trophy,trophy
1017,U+1F3C5,🏅,sports medal,sports_medal
1018,U+1F947,🥇,1st place medal,1st_place_medal
1019,U+1F948,🥈,2nd place medal,2nd_place_medal
1020,U+1F949,🥉,3rd place medal,3rd_place_medal
1021,U+26BD,⚽,soccer ball,soccer_ball
1022,U+26BE,⚾,baseball,baseball
1023,U+1F94E,🥎,softball,softball
1024,U+1F3C0,🏀,basketball,basketball
1025,U+1F3D0,🏐,volleyball,volleyball
1026,U+1F3C8,🏈,american football,american_football
1027,U+1F3C9,🏉,rugby football,rugby_football
1028,U+1F3BE,🎾,tennis,tennis
1029,U+1F94F,🥏,flying disc,flying_disc
1030,U+1F3B3,🎳,bowling,bowling
1031,U+1F3CF,🏏,cricket game,cricket_game
1032,U+1F3D1,🏑,field hockey,field_hockey
1033,U+1F3D2,🏒,ice hockey,ice_hockey
1034,U+1F94D,🥍,lacrosse,lacrosse
1035,U+1F3D3,🏓,ping pong,ping_pong
1036,U+1F3F8,🏸,badminton,badminton
1037,U+1F94A,🥊,boxing glove,boxing_glove
1038,U+1F94B,🥋,martial arts uniform,martial_arts_uniform
1039,U+1F945,🥅,goal net,goal_net
1040,U+26F3,⛳,flag in hole,flag_in_hole
1041,U+26F8,⛸,ice skate,ice_skate
1042,U+1F3A3,🎣,fishing pole,fishing_pole
1043,U+1F93F,🤿,diving mask,diving_mask
1044,U+1F3BD,🎽,running shirt,running_shirt
1045,U+1F3BF,🎿,skis,skis
1046,U+1F6F7,🛷,sled,sled
1047,U+1F94C,🥌,curling stone,curling_stone
1048,U+1F3AF,🎯,bullseye,bullseye
1049,U+1FA80,🪀,yo-yo,yo_yo
1050,U+1FA81,🪁,kite,kite
1051,U+1F3B1,🎱,pool 8 ball,pool_8_ball
1052,U+1F52E,🔮,crystal ball,crystal_ball
1053,U+1FA84,🪄,magic wand,magic_wand
1054,U+1F9FF,🧿,nazar amulet,nazar_amulet
1055,U+1F3AE,🎮,video game,video_game
1056,U+1F579,🕹,joystick,joystick
1057,U+1F3B0,🎰,slot machine,slot_machine
1058,U+1F3B2,🎲,game die,game_die
1059,U+1F9E9,🧩,puzzle piece,puzzle_piece
1060,U+1F9F8,🧸,teddy bear,teddy_bear
1061,U+1FA85,🪅,piñata,piñata
1062,U+1FA86,🪆,nesting dolls,nesting_dolls
1063,U+2660,♠,spade suit,spade_suit
1064,U+2665,♥,heart suit,heart_suit
1065,U+2666,♦,diamond suit,diamond_suit
1066,U+2663,♣,club suit,club_suit
1067,U+265F,♟,chess pawn,chess_pawn
1068,U+1F0CF,🃏,joker,joker
1069,U+1F004,🀄,mahjong red dragon,mahjong_red_dragon
1070,U+1F3B4,🎴,flower playing cards,flower_playing_cards
1071,U+1F3AD,🎭,performing arts,performing_arts
1072,U+1F5BC,🖼,framed picture,framed_picture
1073,U+1F3A8,🎨,artist palette,artist_palette
1074,U+1F9F5,🧵,thread,thread
1075,U+1FAA1,🪡,sewing needle,sewing_needle
1076,U+1F9F6,🧶,yarn,yarn
1077,U+1FAA2,🪢,knot,knot
1078,U+1F453,👓,glasses,glasses
1079,U+1F576,🕶,sunglasses,sunglasses
1080,U+1F97D,🥽,goggles,goggles
1081,U+1F97C,🥼,lab coat,lab_coat
1082,U+1F9BA,🦺,safety vest,safety_vest
1083,U+1F454,👔,necktie,necktie
1084,U+1F455,👕,t-shirt,t_shirt
1085,U+1F456,👖,jeans,jeans
1086,U+1F9E3,🧣,scarf,scarf
1087,U+1F9E4,🧤,gloves,gloves
1088,U+1F9E5,🧥,coat,coat
1089,U+1F9E6,🧦,socks,socks
1090,U+1F457,👗,dress,dress
1091,U+1F458,👘,kimono,kimono
1092,U+1F97B,🥻,sari,sari
1093,U+1FA71,🩱,one-piece swimsuit,one_piece_swimsuit
1094,U+1FA72,🩲,briefs,briefs
1095,U+1FA73,🩳,shorts,shorts
1096,U+1F459,👙,bikini,bikini
1097,U+1F45A,👚,woman’s clothes,woman_s_clothes
1098,U+1F45B,👛,purse,purse
1099,U+1F45C,👜,handbag,handbag
1100,U+1F45D,👝,clutch bag,clutch_bag
1101,U+1F6CD,🛍,shopping bags,shopping_bags
1102,U+1F392,🎒,backpack,backpack
1103,U+1FA74,🩴,thong sandal,thong_sandal
1104,U+1F45E,👞,man’s shoe,man_s_shoe
1105,U+1F45F,👟,running shoe,running_shoe
1106,U+1F97E,🥾,hiking boot,hiking_boot
1107,U+1F97F,🥿,flat shoe,flat_shoe
1108,U+1F460,👠,high-heeled shoe,high_heeled_shoe
1109,U+1F461,👡,woman’s sandal,woman_s_sandal
1110,U+1FA70,🩰,ballet shoes,ballet_shoes
1111,U+1F462,👢,woman’s boot,woman_s_boot
1112,U+1F451,👑,crown,crown
1113,U+1F452,👒,woman’s hat,woman_s_hat
1114,U+1F3A9,🎩,top hat,top_hat
1115,U+1F393,🎓,graduation cap,graduation_cap
1116,U+1F9E2,🧢,billed cap,billed_cap
1117,U+1FA96,🪖,military helmet,military_helmet
1118,U+26D1,⛑,rescue worker’s helmet,rescue_worker_s_helmet
1119,U+1F4FF,📿,prayer beads,prayer_beads
1120,U+1F484,💄,lipstick,lipstick
1121,U+1F48D,💍,ring,ring
1122,U+1F48E,💎,gem stone,gem_stone
1123,U+1F507,🔇,muted speaker,muted_speaker
1124,U+1F508,🔈,speaker low volume,speaker_low_volume
1125,U+1F509,🔉,speaker medium volume,speaker_medium_volume
1126,U+1F50A,🔊,speaker high volume,speaker_high_volume
1127,U+1F4E2,📢,loudspeaker,loudspeaker
1128,U+1F4E3,📣,megaphone,megaphone
1129,U+1F4EF,📯,postal horn,postal_horn
1130,U+1F514,🔔,bell,bell
1131,U+1F515,🔕,bell with slash,bell_with_slash
1132,U+1F3BC,🎼,musical score,musical_score
1133,U+1F3B5,🎵,musical note,musical_note
1134,U+1F3B6,🎶,musical notes,musical_notes
1135,U+1F399,🎙,studio microphone,studio_microphone
1136,U+1F39A,🎚,level slider,level_slider
1137,U+1F39B,🎛,control knobs,control_knobs
1138,U+1F3A4,🎤,microphone,microphone
1139,U+1F3A7,🎧,headphone,headphone
1140,U+1F4FB,📻,radio,radio
1141,U+1F3B7,🎷,saxophone,saxophone
1142,U+1FA97,🪗,accordion,accordion
1143,U+1F3B8,🎸,guitar,guitar
1144,U+1F3B9,🎹,musical keyboard,musical_keyboard
1145,U+1F3BA,🎺,trumpet,trumpet
1146,U+1F3BB,🎻,violin,violin
1147,U+1FA95,🪕,banjo,banjo
1148,U+1F941,🥁,drum,drum
1149,U+1FA98,🪘,long drum,long_drum
1150,U+1F4F1,📱,mobile phone,mobile_phone
1151,U+1F4F2,📲,mobile phone with arrow,mobile_phone_with_arrow
1152,U+260E,☎,telephone,telephone
1153,U+1F4DE,📞,telephone receiver,telephone_receiver
1154,U+1F4DF,📟,pager,pager
1155,U+1F4E0,📠,fax machine,fax_machine
1156,U+1F50B,🔋,battery,battery
1157,U+1F50C,🔌,electric plug,electric_plug
1158,U+1F4BB,💻,laptop,laptop
1159,U+1F5A5,🖥,desktop computer,desktop_computer
1160,U+1F5A8,🖨,printer,printer
1161,U+2328,⌨,keyboard,keyboard
1162,U+1F5B1,🖱,computer mouse,computer_mouse
1163,U+1F5B2,🖲,trackball,trackball
1164,U+1F4BD,💽,computer disk,computer_disk
1165,U+1F4BE,💾,floppy disk,floppy_disk
1166,U+1F4BF,💿,optical disk,optical_disk
1167,U+1F4C0,📀,dvd,dvd
1168,U+1F9EE,🧮,abacus,abacus
1169,U+1F3A5,🎥,movie camera,movie_camera
1170,U+1F39E,🎞,film frames,film_frames
1171,U+1F4FD,📽,film projector,film_projector
1172,U+1F3AC,🎬,clapper board,clapper_board
1173,U+1F4FA,📺,television,television
1174,U+1F4F7,📷,camera,camera
1175,U+1F4F8,📸,camera with flash,camera_with_flash
1176,U+1F4F9,📹,video camera,video_camera
1177,U+1F4FC,📼,videocassette,videocassette
1178,U+1F50D,🔍,magnifying glass tilted left,magnifying_glass_tilted_left
1179,U+1F50E,🔎,magnifying glass tilted right,magnifying_glass_tilted_right
1180,U+1F56F,🕯,candle,candle
1181,U+1F4A1,💡,light bulb,light_bulb
1182,U+1F526,🔦,flashlight,flashlight
1183,U+1F3EE,🏮,red paper lantern,red_paper_lantern
1184,U+1FA94,🪔,diya lamp,diya_lamp
1185,U+1F4D4,📔,notebook with decorative cover,notebook_with_decorative_cover
1186,U+1F4D5,📕,closed book,closed_book
1187,U+1F4D6,📖,open book,open_book
1188,U+1F4D7,📗,green book,green_book
1189,U+1F4D8,📘,blue book,blue_book
1190,U+1F4D9,📙,orange book,orange_book
1191,U+1F4DA,📚,books,books
1192,U+1F4D3,📓,notebook,notebook
1193,U+1F4D2,📒,ledger,ledger
1194,U+1F4C3,📃,page with curl,page_with_curl
1195,U+1F4DC,📜,scroll,scroll
1196,U+1F4C4,📄,page facing up,page_facing_up
1197,U+1F4F0,📰,newspaper,newspaper
1198,U+1F5DE,🗞,rolled-up newspaper,rolled_up_newspaper
1199,U+1F4D1,📑,bookmark tabs,bookmark_tabs
1200,U+1F516,🔖,bookmark,bookmark
1201,U+1F3F7,🏷,label,label
1202,U+1F4B0,💰,money bag,money_bag
1203,U+1FA99,🪙,coin,coin
1204,U+1F4B4,💴,yen banknote,yen_banknote
1205,U+1F4B5,💵,dollar banknote,dollar_banknote
1206,U+1F4B6,💶,euro banknote,euro_banknote
1207,U+1F4B7,💷,pound banknote,pound_banknote
1208,U+1F4B8,💸,money with wings,money_with_wings
1209,U+1F4B3,💳,credit card,credit_card
1210,U+1F9FE,🧾,receipt,receipt
1211,U+1F4B9,💹,chart increasing with yen,chart_increasing_with_yen
1212,U+2709,✉,envelope,envelope
1213,U+1F4E7,📧,e-mail,e_mail
1214,U+1F4E8,📨,incoming envelope,incoming_envelope
1215,U+1F4E9,📩,envelope with arrow,envelope_with_arrow
1216,U+1F4E4,📤,outbox tray,outbox_tray
1217,U+1F4E5,📥,inbox tray,inbox_tray
1218,U+1F4E6,📦,package,package
1219,U+1F4EB,📫,closed mailbox with raised flag,closed_mailbox_with_raised_flag
1220,U+1F4EA,📪,closed mailbox with lowered flag,closed_mailbox_with_lowered_flag
1221,U+1F4EC,📬,open mailbox with raised flag,open_mailbox_with_raised_flag
1222,U+1F4ED,📭,open mailbox with lowered flag,open_mailbox_with_lowered_flag
1223,U+1F4EE,📮,postbox,postbox
1224,U+1F5F3,🗳,ballot box with ballot,ballot_box_with_ballot
1225,U+270F,✏,pencil,pencil
1226,U+2712,✒,black nib,black_nib
1227,U+1F58B,🖋,fountain pen,fountain_pen
1228,U+1F58A,🖊,pen,pen
1229,U+1F58C,🖌,paintbrush,paintbrush
1230,U+1F58D,🖍,crayon,crayon
1231,U+1F4DD,📝,memo,memo
1232,U+1F4BC,💼,briefcase,briefcase
1233,U+1F4C1,📁,file folder,file_folder
1234,U+1F4C2,📂,open file folder,open_file_folder
1235,U+1F5C2,🗂,card index dividers,card_index_dividers
1236,U+1F4C5,📅,calendar,calendar
1237,U+1F4C6,📆,tear-off calendar,tear_off_calendar
1238,U+1F5D2,🗒,spiral notepad,spiral_notepad
1239,U+1F5D3,🗓,spiral calendar,spiral_calendar
1240,U+1F4C7,📇,card index,card_index
1241,U+1F4C8,📈,chart increasing,chart_increasing
1242,U+1F4C9,📉,chart decreasing,chart_decreasing
1243,U+1F4CA,📊,bar chart,bar_chart
1244,U+1F4CB,📋,clipboard,clipboard
1245,U+1F4CC,📌,pushpin,pushpin
1246,U+1F4CD,📍,round pushpin,round_pushpin
1247,U+1F4CE,📎,paperclip,paperclip
1248,U+1F587,🖇,linked paperclips,linked_paperclips
1249,U+1F4CF,📏,straight ruler,straight_ruler
1250,U+1F4D0,📐,triangular ruler,triangular_ruler
1251,U+2702,✂,scissors,scissors
1252,U+1F5C3,🗃,card file box,card_file_box
1253,U+1F5C4,🗄,file cabinet,file_cabinet
1254,U+1F5D1,🗑,wastebasket,wastebasket
1255,U+1F512,🔒,locked,locked
1256,U+1F513,🔓,unlocked,unlocked
1257,U+1F50F,🔏,locked with pen,locked_with_pen
1258,U+1F510,🔐,locked with key,locked_with_key
1259,U+1F511,🔑,key,key
1260,U+1F5DD,🗝,old key,old_key
1261,U+1F528,🔨,hammer,hammer
1262,U+1FA93,🪓,axe,axe
1263,U+26CF,⛏,pick,pick
1264,U+2692,⚒,hammer and pick,hammer_and_pick
1265,U+1F6E0,🛠,hammer and wrench,hammer_and_wrench
1266,U+1F5E1,🗡,dagger,dagger
1267,U+2694,⚔,crossed swords,crossed_swords
1268,U+1F52B,🔫,water pistol,water_pistol
1269,U+1FA83,🪃,boomerang,boomerang
1270,U+1F3F9,🏹,bow and arrow,bow_and_arrow
1271,U+1F6E1,🛡,shield,shield
1272,U+1FA9A,🪚,carpentry saw,carpentry_saw
1273,U+1F527,🔧,wrench,wrench
1274,U+1FA9B,🪛,screwdriver,screwdriver
1275,U+1F529,🔩,nut and bolt,nut_and_bolt
1276,U+2699,⚙,gear,gear
1277,U+1F5DC,🗜,clamp,clamp
1278,U+2696,⚖,balance scale,balance_scale
1279,U+1F9AF,🦯,white cane,white_cane
1280,U+1F517,🔗,link,link
1281,U+26D3,⛓,chains,chains
1282,U+1FA9D,🪝,hook,hook
1283,U+1F9F0,🧰,toolbox,toolbox
1284,U+1F9F2,🧲,magnet,magnet
1285,U+1FA9C,🪜,ladder,ladder
1286,U+2697,⚗,alembic,alembic
1287,U+1F9EA,🧪,test tube,test_tube
1288,U+1F9EB,🧫,petri dish,petri_dish
1289,U+1F9EC,🧬,dna,dna
1290,U+1F52C,🔬,microscope,microscope
1291,U+1F52D,🔭,telescope,telescope
1292,U+1F4E1,📡,satellite antenna,satellite_antenna
1293,U+1F489,💉,syringe,syringe
1294,U+1FA78,🩸,drop of blood,drop_of_blood
1295,U+1F48A,💊,pill,pill
1296,U+1FA79,🩹,adhesive bandage,adhesive_bandage
1297,U+1FA7A,🩺,stethoscope,stethoscope
1298,U+1F6AA,🚪,door,door
1299,U+1F6D7,🛗,elevator,elevator
1300,U+1FA9E,🪞,mirror,mirror
1301,U+1FA9F,🪟,window,window
1302,U+1F6CF,🛏,bed,bed
1303,U+1F6CB,🛋,couch and lamp,couch_and_lamp
1304,U+1FA91,🪑,chair,chair
1305,U+1F6BD,🚽,toilet,toilet
1306,U+1FAA0,🪠,plunger,plunger
1307,U+1F6BF,🚿,shower,shower
1308,U+1F6C1,🛁,bathtub,bathtub
1309,U+1FAA4,🪤,mouse trap,mouse_trap
1310,U+1FA92,🪒,razor,razor
1311,U+1F9F4,🧴,lotion bottle,lotion_bottle
1312,U+1F9F7,🧷,safety pin,safety_pin
1313,U+1F9F9,🧹,broom,broom
1314,U+1F9FA,🧺,basket,basket
1315,U+1F9FB,🧻,roll of paper,roll_of_paper
1316,U+1FAA3,🪣,bucket,bucket
1317,U+1F9FC,🧼,soap,soap
1318,U+1FAA5,🪥,toothbrush,toothbrush
1319,U+1F9FD,🧽,sponge,sponge
1320,U+1F9EF,🧯,fire extinguisher,fire_extinguisher
1321,U+1F6D2,🛒,shopping cart,shopping_cart
1322,U+1F6AC,🚬,cigarette,cigarette
1323,U+26B0,⚰,coffin,coffin
1324,U+1FAA6,🪦,headstone,headstone
1325,U+26B1,⚱,funeral urn,funeral_urn
1326,U+1F5FF,🗿,moai,moai
1327,U+1FAA7,🪧,placard,placard
1328,U+1F3E7,🏧,ATM sign,ATM_sign
1329,U+1F6AE,🚮,litter in bin sign,litter_in_bin_sign
1330,U+1F6B0,🚰,potable water,potable_water
1331,U+267F,♿,wheelchair symbol,wheelchair_symbol
1332,U+1F6B9,🚹,men’s room,men_s_room
1333,U+1F6BA,🚺,women’s room,women_s_room
1334,U+1F6BB,🚻,restroom,restroom
1335,U+1F6BC,🚼,baby symbol,baby_symbol
1336,U+1F6BE,🚾,water closet,water_closet
1337,U+1F6C2,🛂,passport control,passport_control
1338,U+1F6C3,🛃,customs,customs
1339,U+1F6C4,🛄,baggage claim,baggage_claim
1340,U+1F6C5,🛅,left luggage,left_luggage
1341,U+26A0,⚠,warning,warning
1342,U+1F6B8,🚸,children crossing,children_crossing
1343,U+26D4,⛔,no entry,no_entry
1344,U+1F6AB,🚫,prohibited,prohibited
1345,U+1F6B3,🚳,no bicycles,no_bicycles
1346,U+1F6AD,🚭,no smoking,no_smoking
1347,U+1F6AF,🚯,no littering,no_littering
1348,U+1F6B1,🚱,non-potable water,non_potable_water
1349,U+1F6B7,🚷,no pedestrians,no_pedestrians
1350,U+1F4F5,📵,no mobile phones,no_mobile_phones
1351,U+1F51E,🔞,no one under eighteen,no_one_under_eighteen
1352,U+2622,☢,radioactive,radioactive
1353,U+2623,☣,biohazard,biohazard
1354,U+2B06,⬆,up arrow,up_arrow
1355,U+2197,↗,up-right arrow,up_right_arrow
1356,U+27A1,➡,right arrow,right_arrow
1357,U+2198,↘,down-right arrow,down_right_arrow
1358,U+2B07,⬇,down arrow,down_arrow
1359,U+2199,↙,down-left arrow,down_left_arrow
1360,U+2B05,⬅,left arrow,left_arrow
1361,U+2196,↖,up-left arrow,up_left_arrow
1362,U+2195,↕,up-down arrow,up_down_arrow
1363,U+2194,↔,left-right arrow,left_right_arrow
1364,U+21A9,↩,right arrow curving left,right_arrow_curving_left
1365,U+21AA,↪,left arrow curving right,left_arrow_curving_right
1366,U+2934,⤴,right arrow curving up,right_arrow_curving_up
1367,U+2935,⤵,right arrow curving down,right_arrow_curving_down
1368,U+1F503,🔃,clockwise vertical arrows,clockwise_vertical_arrows
1369,U+1F504,🔄,counterclockwise arrows button,counterclockwise_arrows_button
1370,U+1F519,🔙,BACK arrow,BACK_arrow
1371,U+1F51A,🔚,END arrow,END_arrow
1372,U+1F51B,🔛,ON! arrow,ON_arrow
1373,U+1F51C,🔜,SOON arrow,SOON_arrow
1374,U+1F51D,🔝,TOP arrow,TOP_arrow
1375,U+1F6D0,🛐,place of worship,place_of_worship
1376,U+269B,⚛,atom symbol,atom_symbol
1377,U+1F549,🕉,om,om
1378,U+2721,✡,star of David,star_of_David
1379,U+2638,☸,wheel of dharma,wheel_of_dharma
1380,U+262F,☯,yin yang,yin_yang
1381,U+271D,✝,latin cross,latin_cross
1382,U+2626,☦,orthodox cross,orthodox_cross
1383,U+262A,☪,star and crescent,star_and_crescent
1384,U+262E,☮,peace symbol,peace_symbol
1385,U+1F54E,🕎,menorah,menorah
1386,U+1F52F,🔯,dotted six-pointed star,dotted_six_pointed_star
1387,U+2648,♈,Aries,Aries
1388,U+2649,♉,Taurus,Taurus
1389,U+264A,♊,Gemini,Gemini
1390,U+264B,♋,Cancer,Cancer
1391,U+264C,♌,Leo,Leo
1392,U+264D,♍,Virgo,Virgo
1393,U+264E,♎,Libra,Libra
1394,U+264F,♏,Scorpio,Scorpio
1395,U+2650,♐,Sagittarius,Sagittarius
1396,U+2651,♑,Capricorn,Capricorn
1397,U+2652,♒,Aquarius,Aquarius
1398,U+2653,♓,Pisces,Pisces
1399,U+26CE,⛎,Ophiuchus,Ophiuchus
1400,U+1F500,🔀,shuffle tracks button,shuffle_tracks_button
1401,U+1F501,🔁,repeat button,repeat_button
1402,U+1F502,🔂,repeat single button,repeat_single_button
1403,U+25B6,▶,play button,play_button
1404,U+23E9,⏩,fast-forward button,fast_forward_button
1405,U+23ED,⏭,next track button,next_track_button
1406,U+23EF,⏯,play or pause button,play_or_pause_button
1407,U+25C0,◀,reverse button,reverse_button
1408,U+23EA,⏪,fast reverse button,fast_reverse_button
1409,U+23EE,⏮,last track button,last_track_button
1410,U+1F53C,🔼,upwards button,upwards_button
1411,U+23EB,⏫,fast up button,fast_up_button
1412,U+1F53D,🔽,downwards button,downwards_button
1413,U+23EC,⏬,fast down button,fast_down_button
1414,U+23F8,⏸,pause button,pause_button
1415,U+23F9,⏹,stop button,stop_button
1416,U+23FA,⏺,record button,record_button
1417,U+23CF,⏏,eject button,eject_button
1418,U+1F3A6,🎦,cinema,cinema
1419,U+1F505,🔅,dim button,dim_button
1420,U+1F506,🔆,bright button,bright_button
1421,U+1F4F6,📶,antenna bars,antenna_bars
1422,U+1F4F3,📳,vibration mode,vibration_mode
1423,U+1F4F4,📴,mobile phone off,mobile_phone_off
1424,U+2640,♀,female sign,female_sign
1425,U+2642,♂,male sign,male_sign
1426,U+26A7,⚧,transgender symbol,transgender_symbol
1427,U+2716,✖,multiply,multiply
1428,U+2795,➕,plus,plus
1429,U+2796,➖,minus,minus
1430,U+2797,➗,divide,divide
1431,U+267E,♾,infinity,infinity
1432,U+203C,‼,double exclamation mark,double_exclamation_mark
1433,U+2049,⁉,exclamation question mark,exclamation_question_mark
1434,U+2753,❓,red question mark,red_question_mark
1435,U+2754,❔,white question mark,white_question_mark
1436,U+2755,❕,white exclamation mark,white_exclamation_mark
1437,U+2757,❗,red exclamation mark,red_exclamation_mark
1438,U+3030,〰,wavy dash,wavy_dash
1439,U+1F4B1,💱,currency exchange,currency_exchange
1440,U+1F4B2,💲,heavy dollar sign,heavy_dollar_sign
1441,U+2695,⚕,medical symbol,medical_symbol
1442,U+267B,♻,recycling symbol,recycling_symbol
1443,U+269C,⚜,fleur-de-lis,fleur_de_lis
1444,U+1F531,🔱,trident emblem,trident_emblem
1445,U+1F4DB,📛,name badge,name_badge
1446,U+1F530,🔰,Japanese symbol for beginner,Japanese_symbol_for_beginner
1447,U+2B55,⭕,hollow red circle,hollow_red_circle
1448,U+2705,✅,check mark button,check_mark_button
1449,U+2611,☑,check box with check,check_box_with_check
1450,U+2714,✔,check mark,check_mark
1451,U+274C,❌,cross mark,cross_mark
1452,U+274E,❎,cross mark button,cross_mark_button
1453,U+27B0,➰,curly loop,curly_loop
1454,U+27BF,➿,double curly loop,double_curly_loop
1455,U+303D,〽,part alternation mark,part_alternation_mark
1456,U+2733,✳,eight-spoked asterisk,eight_spoked_asterisk
1457,U+2734,✴,eight-pointed star,eight_pointed_star
1458,U+2747,❇,sparkle,sparkle
1459,U+00A9,©,copyright,copyright
1460,U+00AE,®,registered,registered
1461,U+2122,™,trade mark,trade_mark
1462,U+0023 U+FE0F U+20E3,#️⃣,keycap: #,keycap_pound
1463,U+002A U+FE0F U+20E3,*️⃣,keycap: *,keycap_asterisk
1464,U+0030 U+FE0F U+20E3,0️⃣,keycap: 0,keycap_0
1465,U+0031 U+FE0F U+20E3,1️⃣,keycap: 1,keycap_1
1466,U+0032 U+FE0F U+20E3,2️⃣,keycap: 2,keycap_2
1467,U+0033 U+FE0F U+20E3,3️⃣,keycap: 3,keycap_3
1468,U+0034 U+FE0F U+20E3,4️⃣,keycap: 4,keycap_4
1469,U+0035 U+FE0F U+20E3,5️⃣,keycap: 5,keycap_5
1470,U+0036 U+FE0F U+20E3,6️⃣,keycap: 6,keycap_6
1471,U+0037 U+FE0F U+20E3,7️⃣,keycap: 7,keycap_7
1472,U+0038 U+FE0F U+20E3,8️⃣,keycap: 8,keycap_8
1473,U+0039 U+FE0F U+20E3,9️⃣,keycap: 9,keycap_9
1474,U+1F51F,🔟,keycap: 10,keycap_10
1475,U+1F520,🔠,input latin uppercase,input_latin_uppercase
1476,U+1F521,🔡,input latin lowercase,input_latin_lowercase
1477,U+1F522,🔢,input numbers,input_numbers
1478,U+1F523,🔣,input symbols,input_symbols
1479,U+1F524,🔤,input latin letters,input_latin_letters
1480,U+1F170,🅰,A button (blood type),A_button_(blood_type)
1481,U+1F18E,🆎,AB button (blood type),AB_button_(blood_type)
1482,U+1F171,🅱,B button (blood type),B_button_(blood_type)
1483,U+1F191,🆑,CL button,CL_button
1484,U+1F192,🆒,COOL button,COOL_button
1485,U+1F193,🆓,FREE button,FREE_button
1486,U+2139,ℹ,information,information
1487,U+1F194,🆔,ID button,ID_button
1488,U+24C2,Ⓜ,circled M,circled_M
1489,U+1F195,🆕,NEW button,NEW_button
1490,U+1F196,🆖,NG button,NG_button
1491,U+1F17E,🅾,O button (blood type),O_button_(blood_type)
1492,U+1F197,🆗,OK button,OK_button
1493,U+1F17F,🅿,P button,P_button
1494,U+1F198,🆘,SOS button,SOS_button
1495,U+1F199,🆙,UP! button,UP_button
1496,U+1F19A,🆚,VS button,VS_button
1497,U+1F201,🈁,Japanese “here” button,Japanese_here_button
1498,U+1F202,🈂,Japanese “service charge” button,Japanese_service_charge_button
1499,U+1F237,🈷,Japanese “monthly amount” button,Japanese_monthly_amount_button
1500,U+1F236,🈶,Japanese “not free of charge” button,Japanese_not_free_of_charge_button
1501,U+1F22F,🈯,Japanese “reserved” button,Japanese_reserved_button
1502,U+1F250,🉐,Japanese “bargain” button,Japanese_bargain_button
1503,U+1F239,🈹,Japanese “discount” button,Japanese_discount_button
1504,U+1F21A,🈚,Japanese “free of charge” button,Japanese_free_of_charge_button
1505,U+1F232,🈲,Japanese “prohibited” button,Japanese_prohibited_button
1506,U+1F251,🉑,Japanese “acceptable” button,Japanese_acceptable_button
1507,U+1F238,🈸,Japanese “application” button,Japanese_application_button
1508,U+1F234,🈴,Japanese “passing grade” button,Japanese_passing_grade_button
1509,U+1F233,🈳,Japanese “vacancy” button,Japanese_vacancy_button
1510,U+3297,㊗,Japanese “congratulations” button,Japanese_congratulations_button
1511,U+3299,㊙,Japanese “secret” button,Japanese_secret_button
1512,U+1F23A,🈺,Japanese “open for business” button,Japanese_open_for_business_button
1513,U+1F235,🈵,Japanese “no vacancy” button,Japanese_no_vacancy_button
1514,U+1F534,🔴,red circle,red_circle
1515,U+1F7E0,🟠,orange circle,orange_circle
1516,U+1F7E1,🟡,yellow circle,yellow_circle
1517,U+1F7E2,🟢,green circle,green_circle
1518,U+1F535,🔵,blue circle,blue_circle
1519,U+1F7E3,🟣,purple circle,purple_circle
1520,U+1F7E4,🟤,brown circle,brown_circle
1521,U+26AB,⚫,black circle,black_circle
1522,U+26AA,⚪,white circle,white_circle
1523,U+1F7E5,🟥,red square,red_square
1524,U+1F7E7,🟧,orange square,orange_square
1525,U+1F7E8,🟨,yellow square,yellow_square
1526,U+1F7E9,🟩,green square,green_square
1527,U+1F7E6,🟦,blue square,blue_square
1528,U+1F7EA,🟪,purple square,purple_square
1529,U+1F7EB,🟫,brown square,brown_square
1530,U+2B1B,⬛,black large square,black_large_square
1531,U+2B1C,⬜,white large square,white_large_square
1532,U+25FC,◼,black medium square,black_medium_square
1533,U+25FB,◻,white medium square,white_medium_square
1534,U+25FE,◾,black medium-small square,black_medium_small_square
1535,U+25FD,◽,white medium-small square,white_medium_small_square
1536,U+25AA,▪,black small square,black_small_square
1537,U+25AB,▫,white small square,white_small_square
1538,U+1F536,🔶,large orange diamond,large_orange_diamond
1539,U+1F537,🔷,large blue diamond,large_blue_diamond
1540,U+1F538,🔸,small orange diamond,small_orange_diamond
1541,U+1F539,🔹,small blue diamond,small_blue_diamond
1542,U+1F53A,🔺,red triangle pointed up,red_triangle_pointed_up
1543,U+1F53B,🔻,red triangle pointed down,red_triangle_pointed_down
1544,U+1F4A0,💠,diamond with a dot,diamond_with_a_dot
1545,U+1F518,🔘,radio button,radio_button
1546,U+1F533,🔳,white square button,white_square_button
1547,U+1F532,🔲,black square button,black_square_button
1548,U+1F3C1,🏁,chequered flag,chequered_flag
1549,U+1F6A9,🚩,triangular flag,triangular_flag
1550,U+1F38C,🎌,crossed flags,crossed_flags
1551,U+1F3F4,🏴,black flag,black_flag
1552,U+1F3F3,🏳,white flag,white_flag
1553,U+1F3F3 U+FE0F U+200D U+1F308,🏳️‍🌈,rainbow flag,rainbow_flag
1554,U+1F3F3 U+FE0F U+200D U+26A7 U+FE0F,🏳️‍⚧️,transgender flag,transgender_flag
1555,U+1F3F4 U+200D U+2620 U+FE0F,🏴‍☠️,pirate flag,pirate_flag
1556,U+1F1E6 U+1F1E8,🇦🇨,flag: Ascension Island,flag_Ascension_Island
1557,U+1F1E6 U+1F1E9,🇦🇩,flag: Andorra,flag_Andorra
1558,U+1F1E6 U+1F1EA,🇦🇪,flag: United Arab Emirates,flag_United_Arab_Emirates
1559,U+1F1E6 U+1F1EB,🇦🇫,flag: Afghanistan,flag_Afghanistan
1560,U+1F1E6 U+1F1EC,🇦🇬,flag: Antigua & Barbuda,flag_Antigua_and_Barbuda
1561,U+1F1E6 U+1F1EE,🇦🇮,flag: Anguilla,flag_Anguilla
1562,U+1F1E6 U+1F1F1,🇦🇱,flag: Albania,flag_Albania
1563,U+1F1E6 U+1F1F2,🇦🇲,flag: Armenia,flag_Armenia
1564,U+1F1E6 U+1F1F4,🇦🇴,flag: Angola,flag_Angola
1565,U+1F1E6 U+1F1F6,🇦🇶,flag: Antarctica,flag_Antarctica
1566,U+1F1E6 U+1F1F7,🇦🇷,flag: Argentina,flag_Argentina
1567,U+1F1E6 U+1F1F8,🇦🇸,flag: American Samoa,flag_American_Samoa
1568,U+1F1E6 U+1F1F9,🇦🇹,flag: Austria,flag_Austria
1569,U+1F1E6 U+1F1FA,🇦🇺,flag: Australia,flag_Australia
1570,U+1F1E6 U+1F1FC,🇦🇼,flag: Aruba,flag_Aruba
1571,U+1F1E6 U+1F1FD,🇦🇽,flag: Åland Islands,flag_Åland_Islands
1572,U+1F1E6 U+1F1FF,🇦🇿,flag: Azerbaijan,flag_Azerbaijan
1573,U+1F1E7 U+1F1E6,🇧🇦,flag: Bosnia & Herzegovina,flag_Bosnia_and_Herzegovina
1574,U+1F1E7 U+1F1E7,🇧🇧,flag: Barbados,flag_Barbados
1575,U+1F1E7 U+1F1E9,🇧🇩,flag: Bangladesh,flag_Bangladesh
1576,U+1F1E7 U+1F1EA,🇧🇪,flag: Belgium,flag_Belgium
1577,U+1F1E7 U+1F1EB,🇧🇫,flag: Burkina Faso,flag_Burkina_Faso
1578,U+1F1E7 U+1F1EC,🇧🇬,flag: Bulgaria,flag_Bulgaria
1579,U+1F1E7 U+1F1ED,🇧🇭,flag: Bahrain,flag_Bahrain
1580,U+1F1E7 U+1F1EE,🇧🇮,flag: Burundi,flag_Burundi
1581,U+1F1E7 U+1F1EF,🇧🇯,flag: Benin,flag_Benin
1582,U+1F1E7 U+1F1F1,🇧🇱,flag: St: Barthélemy,flag_St_Barthélemy
1583,U+1F1E7 U+1F1F2,🇧🇲,flag: Bermuda,flag_Bermuda
1584,U+1F1E7 U+1F1F3,🇧🇳,flag: Brunei,flag_Brunei
1585,U+1F1E7 U+1F1F4,🇧🇴,flag: Bolivia,flag_Bolivia
1586,U+1F1E7 U+1F1F6,🇧🇶,flag: Caribbean Netherlands,flag_Caribbean_Netherlands
1587,U+1F1E7 U+1F1F7,🇧🇷,flag: Brazil,flag_Brazil
1588,U+1F1E7 U+1F1F8,🇧🇸,flag: Bahamas,flag_Bahamas
1589,U+1F1E7 U+1F1F9,🇧🇹,flag: Bhutan,flag_Bhutan
1590,U+1F1E7 U+1F1FB,🇧🇻,flag: Bouvet Island,flag_Bouvet_Island
1591,U+1F1E7 U+1F1FC,🇧🇼,flag: Botswana,flag_Botswana
1592,U+1F1E7 U+1F1FE,🇧🇾,flag: Belarus,flag_Belarus
1593,U+1F1E7 U+1F1FF,🇧🇿,flag: Belize,flag_Belize
1594,U+1F1E8 U+1F1E6,🇨🇦,flag: Canada,flag_Canada
1595,U+1F1E8 U+1F1E8,🇨🇨,flag: Cocos (Keeling) Islands,flag_Cocos_Islands
1596,U+1F1E8 U+1F1E9,🇨🇩,flag: Congo - Kinshasa,flag_Congo_Kinshasa
1597,U+1F1E8 U+1F1EB,🇨🇫,flag: Central African Republic,flag_Central_African_Republic
1598,U+1F1E8 U+1F1EC,🇨🇬,flag: Congo - Brazzaville,flag_Congo_Brazzaville
1599,U+1F1E8 U+1F1ED,🇨🇭,flag: Switzerland,flag_Switzerland
1600,U+1F1E8 U+1F1EE,🇨🇮,flag: Côte d’Ivoire,flag_Côte_d_Ivoire
1601,U+1F1E8 U+1F1F0,🇨🇰,flag: Cook Islands,flag_Cook_Islands
1602,U+1F1E8 U+1F1F1,🇨🇱,flag: Chile,flag_Chile
1603,U+1F1E8 U+1F1F2,🇨🇲,flag: Cameroon,flag_Cameroon
1604,U+1F1E8 U+1F1F3,🇨🇳,flag: China,flag_China
1605,U+1F1E8 U+1F1F4,🇨🇴,flag: Colombia,flag_Colombia
1606,U+1F1E8 U+1F1F5,🇨🇵,flag: Clipperton Island,flag_Clipperton_Island
1607,U+1F1E8 U+1F1F7,🇨🇷,flag: Costa Rica,flag_Costa_Rica
1608,U+1F1E8 U+1F1FA,🇨🇺,flag: Cuba,flag_Cuba
1609,U+1F1E8 U+1F1FB,🇨🇻,flag: Cape Verde,flag_Cape_Verde
1610,U+1F1E8 U+1F1FC,🇨🇼,flag: Curaçao,flag_Curaçao
1611,U+1F1E8 U+1F1FD,🇨🇽,flag: Christmas Island,flag_Christmas_Island
1612,U+1F1E8 U+1F1FE,🇨🇾,flag: Cyprus,flag_Cyprus
1613,U+1F1E8 U+1F1FF,🇨🇿,flag: Czechia,flag_Czechia
1614,U+1F1E9 U+1F1EA,🇩🇪,flag: Germany,flag_Germany
1615,U+1F1E9 U+1F1EC,🇩🇬,flag: Diego Garcia,flag_Diego_Garcia
1616,U+1F1E9 U+1F1EF,🇩🇯,flag: Djibouti,flag_Djibouti
1617,U+1F1E9 U+1F1F0,🇩🇰,flag: Denmark,flag_Denmark
1618,U+1F1E9 U+1F1F2,🇩🇲,flag: Dominica,flag_Dominica
1619,U+1F1E9 U+1F1F4,🇩🇴,flag: Dominican Republic,flag_Dominican_Republic
1620,U+1F1E9 U+1F1FF,🇩🇿,flag: Algeria,flag_Algeria
1621,U+1F1EA U+1F1E6,🇪🇦,flag: Ceuta & Melilla,flag_Ceuta_and_Melilla
1622,U+1F1EA U+1F1E8,🇪🇨,flag: Ecuador,flag_Ecuador
1623,U+1F1EA U+1F1EA,🇪🇪,flag: Estonia,flag_Estonia
1624,U+1F1EA U+1F1EC,🇪🇬,flag: Egypt,flag_Egypt
1625,U+1F1EA U+1F1ED,🇪🇭,flag: Western Sahara,flag_Western_Sahara
1626,U+1F1EA U+1F1F7,🇪🇷,flag: Eritrea,flag_Eritrea
1627,U+1F1EA U+1F1F8,🇪🇸,flag: Spain,flag_Spain
1628,U+1F1EA U+1F1F9,🇪🇹,flag: Ethiopia,flag_Ethiopia
1629,U+1F1EA U+1F1FA,🇪🇺,flag: European Union,flag_European_Union
1630,U+1F1EB U+1F1EE,🇫🇮,flag: Finland,flag_Finland
1631,U+1F1EB U+1F1EF,🇫🇯,flag: Fiji,flag_Fiji
1632,U+1F1EB U+1F1F0,🇫🇰,flag: Falkland Islands,flag_Falkland_Islands
1633,U+1F1EB U+1F1F2,🇫🇲,flag: Micronesia,flag_Micronesia
1634,U+1F1EB U+1F1F4,🇫🇴,flag: Faroe Islands,flag_Faroe_Islands
1635,U+1F1EB U+1F1F7,🇫🇷,flag: France,flag_France
1636,U+1F1EC U+1F1E6,🇬🇦,flag: Gabon,flag_Gabon
1637,U+1F1EC U+1F1E7,🇬🇧,flag: United Kingdom,flag_United_Kingdom
1638,U+1F1EC U+1F1E9,🇬🇩,flag: Grenada,flag_Grenada
1639,U+1F1EC U+1F1EA,🇬🇪,flag: Georgia,flag_Georgia
1640,U+1F1EC U+1F1EB,🇬🇫,flag: French Guiana,flag_French_Guiana
1641,U+1F1EC U+1F1EC,🇬🇬,flag: Guernsey,flag_Guernsey
1642,U+1F1EC U+1F1ED,🇬🇭,flag: Ghana,flag_Ghana
1643,U+1F1EC U+1F1EE,🇬🇮,flag: Gibraltar,flag_Gibraltar
1644,U+1F1EC U+1F1F1,🇬🇱,flag: Greenland,flag_Greenland
1645,U+1F1EC U+1F1F2,🇬🇲,flag: Gambia,flag_Gambia
1646,U+1F1EC U+1F1F3,🇬🇳,flag: Guinea,flag_Guinea
1647,U+1F1EC U+1F1F5,🇬🇵,flag: Guadeloupe,flag_Guadeloupe
1648,U+1F1EC U+1F1F6,🇬🇶,flag: Equatorial Guinea,flag_Equatorial_Guinea
1649,U+1F1EC U+1F1F7,🇬🇷,flag: Greece,flag_Greece
1650,U+1F1EC U+1F1F8,🇬🇸,flag: South Georgia & South Sandwich Islands,flag_South_Georgia_and_South_Sandwich_Islands
1651,U+1F1EC U+1F1F9,🇬🇹,flag: Guatemala,flag_Guatemala
1652,U+1F1EC U+1F1FA,🇬🇺,flag: Guam,flag_Guam
1653,U+1F1EC U+1F1FC,🇬🇼,flag: Guinea-Bissau,flag_Guinea_Bissau
1654,U+1F1EC U+1F1FE,🇬🇾,flag: Guyana,flag_Guyana
1655,U+1F1ED U+1F1F0,🇭🇰,flag: Hong Kong SAR China,flag_Hong_Kong_SAR_China
1656,U+1F1ED U+1F1F2,🇭🇲,flag: Heard & McDonald Islands,flag_Heard_and_McDonald_Islands
1657,U+1F1ED U+1F1F3,🇭🇳,flag: Honduras,flag_Honduras
1658,U+1F1ED U+1F1F7,🇭🇷,flag: Croatia,flag_Croatia
1659,U+1F1ED U+1F1F9,🇭🇹,flag: Haiti,flag_Haiti
1660,U+1F1ED U+1F1FA,🇭🇺,flag: Hungary,flag_Hungary
1661,U+1F1EE U+1F1E8,🇮🇨,flag: Canary Islands,flag_Canary_Islands
1662,U+1F1EE U+1F1E9,🇮🇩,flag: Indonesia,flag_Indonesia
1663,U+1F1EE U+1F1EA,🇮🇪,flag: Ireland,flag_Ireland
1664,U+1F1EE U+1F1F1,🇮🇱,flag: Israel,flag_Israel
1665,U+1F1EE U+1F1F2,🇮🇲,flag: Isle of Man,flag_Isle_of_Man
1666,U+1F1EE U+1F1F3,🇮🇳,flag: India,flag_India
1667,U+1F1EE U+1F1F4,🇮🇴,flag: British Indian Ocean Territory,flag_British_Indian_Ocean_Territory
1668,U+1F1EE U+1F1F6,🇮🇶,flag: Iraq,flag_Iraq
1669,U+1F1EE U+1F1F7,🇮🇷,flag: Iran,flag_Iran
1670,U+1F1EE U+1F1F8,🇮🇸,flag: Iceland,flag_Iceland
1671,U+1F1EE U+1F1F9,🇮🇹,flag: Italy,flag_Italy
1672,U+1F1EF U+1F1EA,🇯🇪,flag: Jersey,flag_Jersey
1673,U+1F1EF U+1F1F2,🇯🇲,flag: Jamaica,flag_Jamaica
1674,U+1F1EF U+1F1F4,🇯🇴,flag: Jordan,flag_Jordan
1675,U+1F1EF U+1F1F5,🇯🇵,flag: Japan,flag_Japan
1676,U+1F1F0 U+1F1EA,🇰🇪,flag: Kenya,flag_Kenya
1677,U+1F1F0 U+1F1EC,🇰🇬,flag: Kyrgyzstan,flag_Kyrgyzstan
1678,U+1F1F0 U+1F1ED,🇰🇭,flag: Cambodia,flag_Cambodia
1679,U+1F1F0 U+1F1EE,🇰🇮,flag: Kiribati,flag_Kiribati
1680,U+1F1F0 U+1F1F2,🇰🇲,flag: Comoros,flag_Comoros
1681,U+1F1F0 U+1F1F3,🇰🇳,flag: St: Kitts & Nevis,flag_St_Kitts_and_Nevis
1682,U+1F1F0 U+1F1F5,🇰🇵,flag: North Korea,flag_North_Korea
1683,U+1F1F0 U+1F1F7,🇰🇷,flag: South Korea,flag_South_Korea
1684,U+1F1F0 U+1F1FC,🇰🇼,flag: Kuwait,flag_Kuwait
1685,U+1F1F0 U+1F1FE,🇰🇾,flag: Cayman Islands,flag_Cayman_Islands
1686,U+1F1F0 U+1F1FF,🇰🇿,flag: Kazakhstan,flag_Kazakhstan
1687,U+1F1F1 U+1F1E6,🇱🇦,flag: Laos,flag_Laos
1688,U+1F1F1 U+1F1E7,🇱🇧,flag: Lebanon,flag_Lebanon
1689,U+1F1F1 U+1F1E8,🇱🇨,flag: St: Lucia,flag_St_Lucia
1690,U+1F1F1 U+1F1EE,🇱🇮,flag: Liechtenstein,flag_Liechtenstein
1691,U+1F1F1 U+1F1F0,🇱🇰,flag: Sri Lanka,flag_Sri_Lanka
1692,U+1F1F1 U+1F1F7,🇱🇷,flag: Liberia,flag_Liberia
1693,U+1F1F1 U+1F1F8,🇱🇸,flag: Lesotho,flag_Lesotho
1694,U+1F1F1 U+1F1F9,🇱🇹,flag: Lithuania,flag_Lithuania
1695,U+1F1F1 U+1F1FA,🇱🇺,flag: Luxembourg,flag_Luxembourg
1696,U+1F1F1 U+1F1FB,🇱🇻,flag: Latvia,flag_Latvia
1697,U+1F1F1 U+1F1FE,🇱🇾,flag: Libya,flag_Libya
1698,U+1F1F2 U+1F1E6,🇲🇦,flag: Morocco,flag_Morocco
1699,U+1F1F2 U+1F1E8,🇲🇨,flag: Monaco,flag_Monaco
1700,U+1F1F2 U+1F1E9,🇲🇩,flag: Moldova,flag_Moldova
1701,U+1F1F2 U+1F1EA,🇲🇪,flag: Montenegro,flag_Montenegro
1702,U+1F1F2 U+1F1EB,🇲🇫,flag: St: Martin,flag_St_Martin
1703,U+1F1F2 U+1F1EC,🇲🇬,flag: Madagascar,flag_Madagascar
1704,U+1F1F2 U+1F1ED,🇲🇭,flag: Marshall Islands,flag_Marshall_Islands
1705,U+1F1F2 U+1F1F0,🇲🇰,flag: North Macedonia,flag_North_Macedonia
1706,U+1F1F2 U+1F1F1,🇲🇱,flag: Mali,flag_Mali
1707,U+1F1F2 U+1F1F2,🇲🇲,flag: Myanmar (Burma),flag_Myanmar_(Burma)
1708,U+1F1F2 U+1F1F3,🇲🇳,flag: Mongolia,flag_Mongolia
1709,U+1F1F2 U+1F1F4,🇲🇴,flag: Macao SAR China,flag_Macao_SAR_China
1710,U+1F1F2 U+1F1F5,🇲🇵,flag: Northern Mariana Islands,flag_Northern_Mariana_Islands
1711,U+1F1F2 U+1F1F6,🇲🇶,flag: Martinique,flag_Martinique
1712,U+1F1F2 U+1F1F7,🇲🇷,flag: Mauritania,flag_Mauritania
1713,U+1F1F2 U+1F1F8,🇲🇸,flag: Montserrat,flag_Montserrat
1714,U+1F1F2 U+1F1F9,🇲🇹,flag: Malta,flag_Malta
1715,U+1F1F2 U+1F1FA,🇲🇺,flag: Mauritius,flag_Mauritius
1716,U+1F1F2 U+1F1FB,🇲🇻,flag: Maldives,flag_Maldives
1717,U+1F1F2 U+1F1FC,🇲🇼,flag: Malawi,flag_Malawi
1718,U+1F1F2 U+1F1FD,🇲🇽,flag: Mexico,flag_Mexico
1719,U+1F1F2 U+1F1FE,🇲🇾,flag: Malaysia,flag_Malaysia
1720,U+1F1F2 U+1F1FF,🇲🇿,flag: Mozambique,flag_Mozambique
1721,U+1F1F3 U+1F1E6,🇳🇦,flag: Namibia,flag_Namibia
1722,U+1F1F3 U+1F1E8,🇳🇨,flag: New Caledonia,flag_New_Caledonia
1723,U+1F1F3 U+1F1EA,🇳🇪,flag: Niger,flag_Niger
1724,U+1F1F3 U+1F1EB,🇳🇫,flag: Norfolk Island,flag_Norfolk_Island
1725,U+1F1F3 U+1F1EC,🇳🇬,flag: Nigeria,flag_Nigeria
1726,U+1F1F3 U+1F1EE,🇳🇮,flag: Nicaragua,flag_Nicaragua
1727,U+1F1F3 U+1F1F1,🇳🇱,flag: Netherlands,flag_Netherlands
1728,U+1F1F3 U+1F1F4,🇳🇴,flag: Norway,flag_Norway
1729,U+1F1F3 U+1F1F5,🇳🇵,flag: Nepal,flag_Nepal
1730,U+1F1F3 U+1F1F7,🇳🇷,flag: Nauru,flag_Nauru
1731,U+1F1F3 U+1F1FA,🇳🇺,flag: Niue,flag_Niue
1732,U+1F1F3 U+1F1FF,🇳🇿,flag: New Zealand,flag_New_Zealand
1733,U+1F1F4 U+1F1F2,🇴🇲,flag: Oman,flag_Oman
1734,U+1F1F5 U+1F1E6,🇵🇦,flag: Panama,flag_Panama
1735,U+1F1F5 U+1F1EA,🇵🇪,flag: Peru,flag_Peru
1736,U+1F1F5 U+1F1EB,🇵🇫,flag: French Polynesia,flag_French_Polynesia
1737,U+1F1F5 U+1F1EC,🇵🇬,flag: Papua New Guinea,flag_Papua_New_Guinea
1738,U+1F1F5 U+1F1ED,🇵🇭,flag: Philippines,flag_Philippines
1739,U+1F1F5 U+1F1F0,🇵🇰,flag: Pakistan,flag_Pakistan
1740,U+1F1F5 U+1F1F1,🇵🇱,flag: Poland,flag_Poland
1741,U+1F1F5 U+1F1F2,🇵🇲,flag: St: Pierre & Miquelon,flag_St_Pierre_and_Miquelon
1742,U+1F1F5 U+1F1F3,🇵🇳,flag: Pitcairn Islands,flag_Pitcairn_Islands
1743,U+1F1F5 U+1F1F7,🇵🇷,flag: Puerto Rico,flag_Puerto_Rico
1744,U+1F1F5 U+1F1F8,🇵🇸,flag: Palestinian Territories,flag_Palestinian_Territories
1745,U+1F1F5 U+1F1F9,🇵🇹,flag: Portugal,flag_Portugal
1746,U+1F1F5 U+1F1FC,🇵🇼,flag: Palau,flag_Palau
1747,U+1F1F5 U+1F1FE,🇵🇾,flag: Paraguay,flag_Paraguay
1748,U+1F1F6 U+1F1E6,🇶🇦,flag: Qatar,flag_Qatar
1749,U+1F1F7 U+1F1EA,🇷🇪,flag: Réunion,flag_Réunion
1750,U+1F1F7 U+1F1F4,🇷🇴,flag: Romania,flag_Romania
1751,U+1F1F7 U+1F1F8,🇷🇸,flag: Serbia,flag_Serbia
1752,U+1F1F7 U+1F1FA,🇷🇺,flag: Russia,flag_Russia
1753,U+1F1F7 U+1F1FC,🇷🇼,flag: Rwanda,flag_Rwanda
1754,U+1F1F8 U+1F1E6,🇸🇦,flag: Saudi Arabia,flag_Saudi_Arabia
1755,U+1F1F8 U+1F1E7,🇸🇧,flag: Solomon Islands,flag_Solomon_Islands
1756,U+1F1F8 U+1F1E8,🇸🇨,flag: Seychelles,flag_Seychelles
1757,U+1F1F8 U+1F1E9,🇸🇩,flag: Sudan,flag_Sudan
1758,U+1F1F8 U+1F1EA,🇸🇪,flag: Sweden,flag_Sweden
1759,U+1F1F8 U+1F1EC,🇸🇬,flag: Singapore,flag_Singapore
1760,U+1F1F8 U+1F1ED,🇸🇭,flag: St: Helena,flag_St_Helena
1761,U+1F1F8 U+1F1EE,🇸🇮,flag: Slovenia,flag_Slovenia
1762,U+1F1F8 U+1F1EF,🇸🇯,flag: Svalbard & Jan Mayen,flag_Svalbard_and_Jan_Mayen
1763,U+1F1F8 U+1F1F0,🇸🇰,flag: Slovakia,flag_Slovakia
1764,U+1F1F8 U+1F1F1,🇸🇱,flag: Sierra Leone,flag_Sierra_Leone
1765,U+1F1F8 U+1F1F2,🇸🇲,flag: San Marino,flag_San_Marino
1766,U+1F1F8 U+1F1F3,🇸🇳,flag: Senegal,flag_Senegal
1767,U+1F1F8 U+1F1F4,🇸🇴,flag: Somalia,flag_Somalia
1768,U+1F1F8 U+1F1F7,🇸🇷,flag: Suriname,flag_Suriname
1769,U+1F1F8 U+1F1F8,🇸🇸,flag: South Sudan,flag_South_Sudan
1770,U+1F1F8 U+1F1F9,🇸🇹,flag: São Tomé & Príncipe,flag_São_Tomé_and_Príncipe
1771,U+1F1F8 U+1F1FB,🇸🇻,flag: El Salvador,flag_El_Salvador
1772,U+1F1F8 U+1F1FD,🇸🇽,flag: Sint Maarten,flag_Sint_Maarten
1773,U+1F1F8 U+1F1FE,🇸🇾,flag: Syria,flag_Syria
1774,U+1F1F8 U+1F1FF,🇸🇿,flag: Eswatini,flag_Eswatini
1775,U+1F1F9 U+1F1E6,🇹🇦,flag: Tristan da Cunha,flag_Tristan_da_Cunha
1776,U+1F1F9 U+1F1E8,🇹🇨,flag: Turks & Caicos Islands,flag_Turks_and_Caicos_Islands
1777,U+1F1F9 U+1F1E9,🇹🇩,flag: Chad,flag_Chad
1778,U+1F1F9 U+1F1EB,🇹🇫,flag: French Southern Territories,flag_French_Southern_Territories
1779,U+1F1F9 U+1F1EC,🇹🇬,flag: Togo,flag_Togo
1780,U+1F1F9 U+1F1ED,🇹🇭,flag: Thailand,flag_Thailand
1781,U+1F1F9 U+1F1EF,🇹🇯,flag: Tajikistan,flag_Tajikistan
1782,U+1F1F9 U+1F1F0,🇹🇰,flag: Tokelau,flag_Tokelau
1783,U+1F1F9 U+1F1F1,🇹🇱,flag: Timor-Leste,flag_Timor_Leste
1784,U+1F1F9 U+1F1F2,🇹🇲,flag: Turkmenistan,flag_Turkmenistan
1785,U+1F1F9 U+1F1F3,🇹🇳,flag: Tunisia,flag_Tunisia
1786,U+1F1F9 U+1F1F4,🇹🇴,flag: Tonga,flag_Tonga
1787,U+1F1F9 U+1F1F7,🇹🇷,flag: Turkey,flag_Turkey
1788,U+1F1F9 U+1F1F9,🇹🇹,flag: Trinidad & Tobago,flag_Trinidad_and_Tobago
1789,U+1F1F9 U+1F1FB,🇹🇻,flag: Tuvalu,flag_Tuvalu
1790,U+1F1F9 U+1F1FC,🇹🇼,flag: Taiwan,flag_Taiwan
1791,U+1F1F9 U+1F1FF,🇹🇿,flag: Tanzania,flag_Tanzania
1792,U+1F1FA U+1F1E6,🇺🇦,flag: Ukraine,flag_Ukraine
1793,U+1F1FA U+1F1EC,🇺🇬,flag: Uganda,flag_Uganda
1794,U+1F1FA U+1F1F2,🇺🇲,flag: U:S: Outlying Islands,flag_U_S_Outlying_Islands
1795,U+1F1FA U+1F1F3,🇺🇳,flag: United Nations,flag_United_Nations
1796,U+1F1FA U+1F1F8,🇺🇸,flag: United States,flag_United_States
1797,U+1F1FA U+1F1FE,🇺🇾,flag: Uruguay,flag_Uruguay
1798,U+1F1FA U+1F1FF,🇺🇿,flag: Uzbekistan,flag_Uzbekistan
1799,U+1F1FB U+1F1E6,🇻🇦,flag: Vatican City,flag_Vatican_City
1800,U+1F1FB U+1F1E8,🇻🇨,flag: St: Vincent & Grenadines,flag_St_Vincent_and_Grenadines
1801,U+1F1FB U+1F1EA,🇻🇪,flag: Venezuela,flag_Venezuela
1802,U+1F1FB U+1F1EC,🇻🇬,flag: British Virgin Islands,flag_British_Virgin_Islands
1803,U+1F1FB U+1F1EE,🇻🇮,flag: U:S: Virgin Islands,flag_U_S_Virgin_Islands
1804,U+1F1FB U+1F1F3,🇻🇳,flag: Vietnam,flag_Vietnam
1805,U+1F1FB U+1F1FA,🇻🇺,flag: Vanuatu,flag_Vanuatu
1806,U+1F1FC U+1F1EB,🇼🇫,flag: Wallis & Futuna,flag_Wallis_and_Futuna
1807,U+1F1FC U+1F1F8,🇼🇸,flag: Samoa,flag_Samoa
1808,U+1F1FD U+1F1F0,🇽🇰,flag: Kosovo,flag_Kosovo
1809,U+1F1FE U+1F1EA,🇾🇪,flag: Yemen,flag_Yemen
1810,U+1F1FE U+1F1F9,🇾🇹,flag: Mayotte,flag_Mayotte
1811,U+1F1FF U+1F1E6,🇿🇦,flag: South Africa,flag_South_Africa
1812,U+1F1FF U+1F1F2,🇿🇲,flag: Zambia,flag_Zambia
1813,U+1F1FF U+1F1FC,🇿🇼,flag: Zimbabwe,flag_Zimbabwe
1814,U+1F3F4 U+E0067 U+E0062 U+E0065 U+E006E U+E0067 U+E007F,🏴󠁧󠁢󠁥󠁮󠁧󠁿,flag: England,flag_England
1815,U+1F3F4 U+E0067 U+E0062 U+E0073 U+E0063 U+E0074 U+E007F,🏴󠁧󠁢󠁳󠁣󠁴󠁿,flag: Scotland,flag_Scotland
1816,U+1F3F4 U+E0067 U+E0062 U+E0077 U+E006C U+E0073 U+E007F,🏴󠁧󠁢󠁷󠁬󠁳󠁿,flag: Wales,flag_Wales